site,year,cinput_total,dfac,kA,SS_active,soc_active,kS,SS_slow,soc_slow,kP,SS_passive,soc_passive,soc_total,soc_total_tha,soc_delta,stringsAsFactors,Exp_ID,location_name,latitude,longitude,ecozone,province,soil_great_group,soil_sub_group,soil_texture,sand_px,clay_px,silt_px,initial_soc_tha,initial_soc_year,block,treatment_number,replication_number,duration,start_year,end_year,tillage,STIR_rating,crop_rotation,rotation_seq,crop_seq,straw_returned,biomass_returned_kgha,residue_estimation_methodology,soil_total_carbon_conc_gkg,soil_total_carbon_px,soil_total_carbon2_px,soil_organic_matter_kgha,organic_matter_px,reference,flag,theme,simple_trt_name,crop_rotation_code,TrtID,r_c,tillage_soil,tillage_type,irrigation_region,irrigation,cinput_lignin_px,cinput_n_px,Location,POLYID,ECO_ID,SL,PROVINCE,PCPTREGION,crop,ICASA_code,AAFC_code,grain_yield_kgha,crop_residue_kgha,hay_yield_kgha,hay_residue_kgha,root_biomass_kgha,straw_biomass_kgha,silage_yld_kgha,crop_residue_avg_kgha,above_ground_residue_kgha,roots_residue_kgha,root_exudates_kgha,manure_kgha,N_fertilizer_kgha,N_fertilizer_kgha_2,N_fertilizer_kgha_3,P_fertilizer_kgha,P_fertilizer_kgha_2,P_fertilizer_kgha_3,K_fertilizer_kgha,K_fertilizer_kgha_2,S_fertilizer_kgha,S_fertilizer_kgha_2,lowest_depth,soc_tha_lowest_depth,initial_dsm,lowest_depth_difference,first_soc_treatment,soc_dsm_difference,soc_tha_30cm
727006,1983,1384.891304,0.5110584848155831,2.3001476316072473,444.16432143292747,444.16432143292747,0.08860056644201847,7962.97571622415,1305.0637064148098,0.003521192960379368,48102.957543685385,10427.50547921294,12176.733507060677,121.76733507060678,1155.7335070606769,FALSE,E1,Ellerslie,53.416667,-113.55,10,Alberta,Black Chernozem,Orthic,Medium,17,39,NA,110.21,1983,NA,14,1,27,1983,2009,CT,NA,CONT_BAR,NA,NA,yes,NA,est_equation,NA,NA,NA,NA,NA,Malhi et al. 2011b,NA,cpr,NA,CR1,E1_F0S_CT_CR1,NA,Brown,Intensive Tillage,Canada,0,10,10,1,727006,727,727006,AB,AB_3,BAR,BAR,BARLEY,1348.043478,1384.891304,NA,NA,601.2456522,1384.891304,NA,NA,NA,601.2456522,NA,NA,0,NA,NA,NA,NA,NA,NA,NA,NA,NA,20,110.21,131.9,10,110.21,21.690000000000012,131.9
727006,1984,2102.73,0.5546514632033469,2.4963488276983434,621.3866699896082,621.3866699896082,0.09615814095219274,11140.217088012645,2250.7937715689295,0.0038215485814710602,67296.12254377322,10644.831662086232,13517.012103644769,135.17012103644768,1340.2785965840922,FALSE,E1,Ellerslie,53.416667,-113.55,10,Alberta,Black Chernozem,Orthic,Medium,17,39,NA,110.21,1983,NA,14,1,27,1983,2009,CT,NA,CONT_BAR,NA,NA,yes,NA,est_equation,NA,NA,NA,NA,NA,Malhi et al. 2011b,NA,cpr,NA,CR1,E1_F0S_CT_CR1,NA,Brown,Intensive Tillage,Canada,0,10,10,1,727006,727,727006,AB,AB_3,BAR,BAR,BARLEY,2809.065,2102.73,NA,NA,1080.5949,2102.73,NA,NA,NA,1080.5949,NA,NA,0,NA,NA,NA,NA,NA,NA,NA,NA,NA,20,NA,131.9,10,110.21,21.690000000000012,NA
727006,1985,2357.455,0.48630406229537426,2.188734108452045,794.5735402863,794.5735402863,0.08430897179600257,14245.110425893385,3262.0222760906936,0.003350634989215129,86052.24559780271,10897.494381665472,14954.090198042466,149.54090198042465,1437.078094397697,FALSE,E1,Ellerslie,53.416667,-113.55,10,Alberta,Black Chernozem,Orthic,Medium,17,39,NA,110.21,1983,NA,14,1,27,1983,2009,CT,NA,CONT_BAR,NA,NA,yes,NA,est_equation,NA,NA,NA,NA,NA,Malhi et al. 2011b,NA,cpr,NA,CR1,E1_F0S_CT_CR1,NA,Brown,Intensive Tillage,Canada,0,10,10,1,727006,727,727006,AB,AB_3,BAR,BAR,BARLEY,2929.5,2357.455,NA,NA,1163.1301,2357.455,NA,NA,NA,1163.1301,NA,NA,0,NA,NA,NA,NA,NA,NA,NA,NA,NA,20,NA,131.9,10,110.21,21.690000000000012,NA
727006,1986,2478.14,0.5920704183647699,2.6647622747871305,686.0425609298088,686.0425609298088,0.10264534490531158,12299.36757494657,4189.663701320151,0.004079365182533265,74298.34993297895,11156.129624344321,16031.835886594281,160.31835886594283,1077.745688551815,FALSE,E1,Ellerslie,53.416667,-113.55,10,Alberta,Black Chernozem,Orthic,Medium,17,39,NA,110.21,1983,NA,14,1,27,1983,2009,CT,NA,CONT_BAR,NA,NA,yes,NA,est_equation,NA,NA,NA,NA,NA,Malhi et al. 2011b,NA,cpr,NA,CR1,E1_F0S_CT_CR1,NA,Brown,Intensive Tillage,Canada,0,10,10,1,727006,727,727006,AB,AB_3,BAR,BAR,BARLEY,2431.485,2478.14,NA,NA,1080.1175,2478.14,NA,NA,NA,1080.1175,NA,NA,0,NA,NA,NA,NA,NA,NA,NA,NA,NA,20,NA,131.9,10,110.21,21.690000000000012,NA
727006,1987,1567.95,0.5893115065199497,2.6523450960605777,436.09978559489457,436.09978559489457,0.10216704122877078,7818.394758362198,4560.400416833087,0.0040603562799224535,47229.56901086734,11302.600640495792,16299.100842923774,162.99100842923775,267.26495632949263,FALSE,E1,Ellerslie,53.416667,-113.55,10,Alberta,Black Chernozem,Orthic,Medium,17,39,NA,110.21,1983,NA,14,1,27,1983,2009,CT,NA,CONT_BAR,NA,NA,yes,NA,est_equation,NA,NA,NA,NA,NA,Malhi et al. 2011b,NA,cpr,NA,CR1,E1_F0S_CT_CR1,NA,Brown,Intensive Tillage,Canada,0,10,10,1,727006,727,727006,AB,AB_3,BAR,BAR,BARLEY,1706.3525,1567.95,NA,NA,720.34655,1567.95,NA,NA,NA,720.34655,NA,NA,0,NA,NA,NA,NA,NA,NA,NA,NA,NA,20,NA,131.9,10,110.21,21.690000000000012,NA
727006,1988,2668.75,0.5849462280574157,2.6326980591455618,747.8087322855314,747.8087322855314,0.1014102469362404,13406.711183733096,5457.506976179138,0.004030279511315594,80987.62094145408,11583.450750060356,17788.766458525024,177.88766458525023,1489.6656156012505,FALSE,E1,Ellerslie,53.416667,-113.55,10,Alberta,Black Chernozem,Orthic,Medium,17,39,NA,110.21,1983,NA,14,1,27,1983,2009,CT,NA,CONT_BAR,NA,NA,yes,NA,est_equation,NA,NA,NA,NA,NA,Malhi et al. 2011b,NA,cpr,NA,CR1,E1_F0S_CT_CR1,NA,Brown,Intensive Tillage,Canada,0,10,10,1,727006,727,727006,AB,AB_3,BAR,BAR,BARLEY,2805.775,2668.75,NA,NA,1204.3955,2668.75,NA,NA,NA,1204.3955,NA,NA,0,NA,NA,NA,NA,NA,NA,NA,NA,NA,20,NA,131.9,10,110.21,21.690000000000012,NA
727006,1989,1619.325,0.5598131089132545,2.5195801163034504,474.12138183895377,474.12138183895377,0.09705299887405243,8500.045744210782,5752.794487807174,0.003857112320412324,51347.30459118298,11736.824400618025,17963.740270264152,179.63740270264154,174.973811739128,FALSE,E1,Ellerslie,53.416667,-113.55,10,Alberta,Black Chernozem,Orthic,Medium,17,39,NA,110.21,1983,NA,14,1,27,1983,2009,CT,NA,CONT_BAR,NA,NA,yes,NA,est_equation,NA,NA,NA,NA,NA,Malhi et al. 2011b,NA,cpr,NA,CR1,E1_F0S_CT_CR1,NA,Brown,Intensive Tillage,Canada,0,10,10,1,727006,727,727006,AB,AB_3,BAR,BAR,BARLEY,1518.025,1619.325,NA,NA,690.217,1619.325,NA,NA,NA,690.217,NA,NA,0,NA,NA,NA,NA,NA,NA,NA,NA,NA,20,NA,131.9,10,110.21,21.690000000000012,NA
727006,1990,2697.025,0.4692912709726262,2.1121637494212813,941.9786955054556,941.9786955054556,0.08135951886108207,16887.789305794457,6658.732308719262,0.0032334168570013946,102016.21114179825,12028.735291546705,19629.44629577142,196.29446295771422,1665.7060255072684,FALSE,E1,Ellerslie,53.416667,-113.55,10,Alberta,Black Chernozem,Orthic,Medium,17,39,NA,110.21,1983,NA,14,1,27,1983,2009,CT,NA,CONT_BAR,NA,NA,yes,NA,est_equation,NA,NA,NA,NA,NA,Malhi et al. 2011b,NA,cpr,NA,CR1,E1_F0S_CT_CR1,NA,Brown,Intensive Tillage,Canada,0,10,10,1,727006,727,727006,AB,AB_3,BAR,BAR,BARLEY,2690.825,2697.025,NA,NA,1185.327,2697.025,NA,NA,NA,1185.327,NA,NA,0,NA,NA,NA,NA,NA,NA,NA,NA,NA,20,NA,131.9,10,110.21,21.690000000000012,NA
727006,1991,2503.26087,0.5899751390484547,2.65533194166446,695.4581229240198,695.4581229240198,0.10228209306663646,12468.169722927802,7252.93372698414,0.0040649287080438525,75318.05448150348,12286.00186203451,20234.39371194267,202.3439371194267,604.9474161712496,FALSE,E1,Ellerslie,53.416667,-113.55,10,Alberta,Black Chernozem,Orthic,Medium,17,39,NA,110.21,1983,NA,14,1,27,1983,2009,CT,NA,CONT_BAR,NA,NA,yes,NA,est_equation,NA,NA,NA,NA,NA,Malhi et al. 2011b,NA,cpr,NA,CR1,E1_F0S_CT_CR1,NA,Brown,Intensive Tillage,Canada,0,10,10,1,727006,727,727006,AB,AB_3,BAR,BAR,BARLEY,2674.891304,2503.26087,NA,NA,1139.193478,2503.26087,NA,NA,NA,1139.193478,NA,NA,0,NA,NA,NA,NA,NA,NA,NA,NA,NA,20,NA,131.9,10,110.21,21.690000000000012,NA
727006,1992,2504.525,0.5246419469266027,2.3612834294307836,782.4578371058153,782.4578371058153,0.09095548759691197,14027.900160332361,7869.154102382039,0.003614783014324293,84740.11599265444,12547.907763111789,21199.519702599646,211.99519702599648,965.1259906569758,FALSE,E1,Ellerslie,53.416667,-113.55,10,Alberta,Black Chernozem,Orthic,Medium,17,39,NA,110.21,1983,NA,14,1,27,1983,2009,CT,NA,CONT_BAR,NA,NA,yes,NA,est_equation,NA,NA,NA,NA,NA,Malhi et al. 2011b,NA,cpr,NA,CR1,E1_F0S_CT_CR1,NA,Brown,Intensive Tillage,Canada,0,10,10,1,727006,727,727006,AB,AB_3,BAR,BAR,BARLEY,2543.325,2504.525,NA,NA,1110.527,2504.525,NA,NA,NA,1110.527,NA,NA,0,NA,NA,NA,NA,NA,NA,NA,NA,NA,20,NA,131.9,10,110.21,21.690000000000012,NA
727006,1993,2897.375,0.6178316466973569,2.780707181479905,768.6579849646143,768.6579849646143,0.10711148623810447,13780.496480691107,8502.326770185015,0.004256860045744789,83245.59320091875,12848.857915578623,22119.842670728252,221.19842670728252,920.3229681286066,FALSE,E1,Ellerslie,53.416667,-113.55,10,Alberta,Black Chernozem,Orthic,Medium,17,39,NA,110.21,1983,NA,14,1,27,1983,2009,CT,NA,CONT_BAR,NA,NA,yes,NA,est_equation,NA,NA,NA,NA,NA,Malhi et al. 2011b,NA,cpr,NA,CR1,E1_F0S_CT_CR1,NA,Brown,Intensive Tillage,Canada,0,10,10,1,727006,727,727006,AB,AB_3,BAR,BAR,BARLEY,1916.4,2897.375,NA,NA,1059.0305,2897.375,NA,NA,NA,1059.0305,NA,NA,0,NA,NA,NA,NA,NA,NA,NA,NA,NA,20,NA,131.9,10,110.21,21.690000000000012,NA
727006,1994,1857.6,0.4460777535767575,2.0076854584901587,682.5590385579901,682.5590385579901,0.07733506598241048,12236.915003420278,8791.141397619398,0.0030734757221438595,73921.08476180652,13036.561922087767,22510.262358265158,225.10262358265157,390.41968753690526,FALSE,E1,Ellerslie,53.416667,-113.55,10,Alberta,Black Chernozem,Orthic,Medium,17,39,NA,110.21,1983,NA,14,1,27,1983,2009,CT,NA,CONT_BAR,NA,NA,yes,NA,est_equation,NA,NA,NA,NA,NA,Malhi et al. 2011b,NA,cpr,NA,CR1,E1_F0S_CT_CR1,NA,Brown,Intensive Tillage,Canada,0,10,10,1,727006,727,727006,AB,AB_3,BAR,BAR,BARLEY,1873.3,1857.6,NA,NA,820.798,1857.6,NA,NA,NA,820.798,NA,NA,0,NA,NA,NA,NA,NA,NA,NA,NA,NA,20,NA,131.9,10,110.21,21.690000000000012,NA
727006,1995,2436.521739,0.4482047884127869,2.0172587153400174,891.0301163009907,891.0301163009907,0.07770382317344335,15974.383434578976,9349.30676667135,0.003088130992164102,96498.4844264309,13294.303271639028,23534.64015461137,235.3464015461137,1024.3777963462126,FALSE,E1,Ellerslie,53.416667,-113.55,10,Alberta,Black Chernozem,Orthic,Medium,17,39,NA,110.21,1983,NA,14,1,27,1983,2009,CT,NA,CONT_BAR,NA,NA,yes,NA,est_equation,NA,NA,NA,NA,NA,Malhi et al. 2011b,NA,cpr,NA,CR1,E1_F0S_CT_CR1,NA,Brown,Intensive Tillage,Canada,0,10,10,1,727006,727,727006,AB,AB_3,BAR,BAR,BARLEY,2456.857188,2436.521739,NA,NA,1076.543364,2436.521739,NA,NA,NA,1076.543364,NA,NA,0,NA,NA,NA,NA,NA,NA,NA,NA,NA,20,125.8666667,131.9,10,110.21,21.690000000000012,147.5566667
727006,1996,2098.804348,0.559769989359476,2.5193860458742403,614.5552437907993,614.5552437907993,0.09704552337564469,11017.743313548279,9511.221064582076,0.0038568152266867895,66556.27967808787,13499.724873246852,23625.50118161973,236.2550118161973,90.86102700835909,FALSE,E1,Ellerslie,53.416667,-113.55,10,Alberta,Black Chernozem,Orthic,Medium,17,39,NA,110.21,1983,NA,14,1,27,1983,2009,CT,NA,CONT_BAR,NA,NA,yes,NA,est_equation,NA,NA,NA,NA,NA,Malhi et al. 2011b,NA,cpr,NA,CR1,E1_F0S_CT_CR1,NA,Brown,Intensive Tillage,Canada,0,10,10,1,727006,727,727006,AB,AB_3,BAR,BAR,BARLEY,1987.181289,2098.804348,NA,NA,898.9168401,2098.804348,NA,NA,NA,898.9168401,NA,NA,0,NA,NA,NA,NA,NA,NA,NA,NA,NA,20,NA,131.9,10,110.21,21.690000000000012,NA
727006,1983,1384.891304,0.12600274080032042,1.1529686972084932,1229.7253388147942,1229.7253388147942,0.10015313096933617,9532.291846825676,1546.628878032036,8.681588841142078e-4,178792.8431245561,10440.657604355765,13217.011821202595,132.17011821202595,2196.0118212025955,FALSE,E1,Ellerslie,53.416667,-113.55,10,Alberta,Black Chernozem,Orthic,Medium,17,39,NA,110.21,1983,NA,14,1,27,1983,2009,CT,NA,CONT_BAR,NA,NA,yes,NA,est_equation,NA,NA,NA,NA,NA,Malhi et al. 2011b,NA,cpr,NA,CR1,E1_F0S_CT_CR1,NA,Brown,Intensive Tillage,Canada,0,10,10,1,727006,727,727006,AB,AB_3,BAR,BAR,BARLEY,1348.043478,1384.891304,NA,NA,601.2456522,1384.891304,NA,NA,NA,601.2456522,NA,NA,0,NA,NA,NA,NA,NA,NA,NA,NA,NA,20,110.21,131.9,10,110.21,21.690000000000012,131.9
727006,1984,2102.73,0.1347320593163705,1.232844983494344,1746.1638326053624,1746.1638326053624,0.1070916195693301,13535.496699456746,2830.5361498310344,9.283038886897928e-4,253879.12758932266,10666.642482699503,15243.342465135898,152.433424651359,2026.3306439333028,FALSE,E1,Ellerslie,53.416667,-113.55,10,Alberta,Black Chernozem,Orthic,Medium,17,39,NA,110.21,1983,NA,14,1,27,1983,2009,CT,NA,CONT_BAR,NA,NA,yes,NA,est_equation,NA,NA,NA,NA,NA,Malhi et al. 2011b,NA,cpr,NA,CR1,E1_F0S_CT_CR1,NA,Brown,Intensive Tillage,Canada,0,10,10,1,727006,727,727006,AB,AB_3,BAR,BAR,BARLEY,2809.065,2102.73,NA,NA,1080.5949,2102.73,NA,NA,NA,1080.5949,NA,NA,0,NA,NA,NA,NA,NA,NA,NA,NA,NA,20,NA,131.9,10,110.21,21.690000000000012,NA
727006,1985,2357.455,0.11184105330847997,1.0233843542487122,2358.3843731884363,2358.3843731884363,0.08889673025052339,18281.161998249263,4204.046268079634,7.705848572954271e-4,342891.4034326409,10922.649852706121,17485.08049397419,174.8508049397419,2241.738028838292,FALSE,E1,Ellerslie,53.416667,-113.55,10,Alberta,Black Chernozem,Orthic,Medium,17,39,NA,110.21,1983,NA,14,1,27,1983,2009,CT,NA,CONT_BAR,NA,NA,yes,NA,est_equation,NA,NA,NA,NA,NA,Malhi et al. 2011b,NA,cpr,NA,CR1,E1_F0S_CT_CR1,NA,Brown,Intensive Tillage,Canada,0,10,10,1,727006,727,727006,AB,AB_3,BAR,BAR,BARLEY,2929.5,2357.455,NA,NA,1163.1301,2357.455,NA,NA,NA,1163.1301,NA,NA,0,NA,NA,NA,NA,NA,NA,NA,NA,NA,20,NA,131.9,10,110.21,21.690000000000012,NA
727006,1986,2478.14,0.12946445976094692,1.1846446240556758,2141.646066668197,2141.646066668197,0.10290467423133623,16601.10164092679,5479.761212650306,8.920101277529243e-4,311379.27888448496,11190.660208752972,18812.067488071476,188.12067488071477,1326.9869940972858,FALSE,E1,Ellerslie,53.416667,-113.55,10,Alberta,Black Chernozem,Orthic,Medium,17,39,NA,110.21,1983,NA,14,1,27,1983,2009,CT,NA,CONT_BAR,NA,NA,yes,NA,est_equation,NA,NA,NA,NA,NA,Malhi et al. 2011b,NA,cpr,NA,CR1,E1_F0S_CT_CR1,NA,Brown,Intensive Tillage,Canada,0,10,10,1,727006,727,727006,AB,AB_3,BAR,BAR,BARLEY,2431.485,2478.14,NA,NA,1080.1175,2478.14,NA,NA,NA,1080.1175,NA,NA,0,NA,NA,NA,NA,NA,NA,NA,NA,NA,20,NA,131.9,10,110.21,21.690000000000012,NA
727006,1987,1567.95,0.14354918201030875,1.3135247084034039,1222.0920331812972,1222.0920331812972,0.11409989921729517,9473.121807177118,5935.403254024133,9.890538640510273e-4,177683.01772405897,11355.33011828845,18512.82540549388,185.12825405493882,-299.2420825775953,FALSE,E1,Ellerslie,53.416667,-113.55,10,Alberta,Black Chernozem,Orthic,Medium,17,39,NA,110.21,1983,NA,14,1,27,1983,2009,CT,NA,CONT_BAR,NA,NA,yes,NA,est_equation,NA,NA,NA,NA,NA,Malhi et al. 2011b,NA,cpr,NA,CR1,E1_F0S_CT_CR1,NA,Brown,Intensive Tillage,Canada,0,10,10,1,727006,727,727006,AB,AB_3,BAR,BAR,BARLEY,1706.3525,1567.95,NA,NA,720.34655,1567.95,NA,NA,NA,720.34655,NA,NA,0,NA,NA,NA,NA,NA,NA,NA,NA,NA,20,NA,131.9,10,110.21,21.690000000000012,NA
727006,1988,2668.75,0.15351901599038292,1.404752140619401,1944.9934355853925,1944.9934355853925,0.1220244100811602,15076.736636189944,7050.869067338133,0.0010577460201737384,282787.46093178156,11642.4363744037,20638.298877327226,206.38298877327227,2125.4734718333457,FALSE,E1,Ellerslie,53.416667,-113.55,10,Alberta,Black Chernozem,Orthic,Medium,17,39,NA,110.21,1983,NA,14,1,27,1983,2009,CT,NA,CONT_BAR,NA,NA,yes,NA,est_equation,NA,NA,NA,NA,NA,Malhi et al. 2011b,NA,cpr,NA,CR1,E1_F0S_CT_CR1,NA,Brown,Intensive Tillage,Canada,0,10,10,1,727006,727,727006,AB,AB_3,BAR,BAR,BARLEY,2805.775,2668.75,NA,NA,1204.3955,2668.75,NA,NA,NA,1204.3955,NA,NA,0,NA,NA,NA,NA,NA,NA,NA,NA,NA,20,NA,131.9,10,110.21,21.690000000000012,NA
727006,1989,1619.325,0.14634608287614972,1.3391173195404922,1238.013395523396,1238.013395523396,0.1163230125951917,9596.537229835818,7346.98885706753,0.0010083245110166716,179997.86442169928,11812.193279066492,20397.195531657417,203.97195531657417,-241.10334566980964,FALSE,E1,Ellerslie,53.416667,-113.55,10,Alberta,Black Chernozem,Orthic,Medium,17,39,NA,110.21,1983,NA,14,1,27,1983,2009,CT,NA,CONT_BAR,NA,NA,yes,NA,est_equation,NA,NA,NA,NA,NA,Malhi et al. 2011b,NA,cpr,NA,CR1,E1_F0S_CT_CR1,NA,Brown,Intensive Tillage,Canada,0,10,10,1,727006,727,727006,AB,AB_3,BAR,BAR,BARLEY,1518.025,1619.325,NA,NA,690.217,1619.325,NA,NA,NA,690.217,NA,NA,0,NA,NA,NA,NA,NA,NA,NA,NA,NA,20,NA,131.9,10,110.21,21.690000000000012,NA
727006,1990,2697.025,0.12508431707207585,1.1445648021605466,2412.4289747259513,2412.4289747259513,0.09942312294446318,18700.09206201254,8475.749832813957,8.618309446266026e-4,350749.0832408321,12104.299579111044,22992.478386650953,229.92478386650953,2595.2828549935366,FALSE,E1,Ellerslie,53.416667,-113.55,10,Alberta,Black Chernozem,Orthic,Medium,17,39,NA,110.21,1983,NA,14,1,27,1983,2009,CT,NA,CONT_BAR,NA,NA,yes,NA,est_equation,NA,NA,NA,NA,NA,Malhi et al. 2011b,NA,cpr,NA,CR1,E1_F0S_CT_CR1,NA,Brown,Intensive Tillage,Canada,0,10,10,1,727006,727,727006,AB,AB_3,BAR,BAR,BARLEY,2690.825,2697.025,NA,NA,1185.327,2697.025,NA,NA,NA,1185.327,NA,NA,0,NA,NA,NA,NA,NA,NA,NA,NA,NA,20,NA,131.9,10,110.21,21.690000000000012,NA
727006,1991,2503.26087,0.15560381900332876,1.423828809892665,1799.9410616935909,1799.9410616935909,0.12368151331458685,13952.35420918055,9153.104549908267,0.0010721103129329352,261697.93344828946,12371.891488024597,23324.937099626455,233.24937099626456,332.45871297550184,FALSE,E1,Ellerslie,53.416667,-113.55,10,Alberta,Black Chernozem,Orthic,Medium,17,39,NA,110.21,1983,NA,14,1,27,1983,2009,CT,NA,CONT_BAR,NA,NA,yes,NA,est_equation,NA,NA,NA,NA,NA,Malhi et al. 2011b,NA,cpr,NA,CR1,E1_F0S_CT_CR1,NA,Brown,Intensive Tillage,Canada,0,10,10,1,727006,727,727006,AB,AB_3,BAR,BAR,BARLEY,2674.891304,2503.26087,NA,NA,1139.193478,2503.26087,NA,NA,NA,1139.193478,NA,NA,0,NA,NA,NA,NA,NA,NA,NA,NA,NA,20,NA,131.9,10,110.21,21.690000000000012,NA
727006,1992,2504.525,0.12300486941903685,1.1255371362843172,2278.1142069509197,2278.1142069509197,0.09777027641258708,17658.94285140572,9984.722711766442,8.47503550297164e-4,331220.7231703975,12642.117004883512,24904.953923600875,249.04953923600877,1580.0168239744198,FALSE,E1,Ellerslie,53.416667,-113.55,10,Alberta,Black Chernozem,Orthic,Medium,17,39,NA,110.21,1983,NA,14,1,27,1983,2009,CT,NA,CONT_BAR,NA,NA,yes,NA,est_equation,NA,NA,NA,NA,NA,Malhi et al. 2011b,NA,cpr,NA,CR1,E1_F0S_CT_CR1,NA,Brown,Intensive Tillage,Canada,0,10,10,1,727006,727,727006,AB,AB_3,BAR,BAR,BARLEY,2543.325,2504.525,NA,NA,1110.527,2504.525,NA,NA,NA,1110.527,NA,NA,0,NA,NA,NA,NA,NA,NA,NA,NA,NA,20,NA,131.9,10,110.21,21.690000000000012,NA
727006,1993,2897.375,0.1438568026870664,1.3163395440860477,2253.4437951866953,2253.4437951866953,0.1143444111519761,17467.708632271395,10840.36033050511,9.911733705138875e-4,327633.8302918379,12954.328403026087,26048.13252871789,260.48132528717895,1143.1786051170166,FALSE,E1,Ellerslie,53.416667,-113.55,10,Alberta,Black Chernozem,Orthic,Medium,17,39,NA,110.21,1983,NA,14,1,27,1983,2009,CT,NA,CONT_BAR,NA,NA,yes,NA,est_equation,NA,NA,NA,NA,NA,Malhi et al. 2011b,NA,cpr,NA,CR1,E1_F0S_CT_CR1,NA,Brown,Intensive Tillage,Canada,0,10,10,1,727006,727,727006,AB,AB_3,BAR,BAR,BARLEY,1916.4,2897.375,NA,NA,1059.0305,2897.375,NA,NA,NA,1059.0305,NA,NA,0,NA,NA,NA,NA,NA,NA,NA,NA,NA,20,NA,131.9,10,110.21,21.690000000000012,NA
727006,1994,1857.6,0.12430310911287488,1.1374164788998946,1672.0244986527885,1672.0244986527885,0.09880218071292766,12960.80107738691,11049.86450036958,8.56448421787708e-4,243099.82436904646,13151.436149827736,25873.325148850105,258.733251488501,-174.80737986778695,FALSE,E1,Ellerslie,53.416667,-113.55,10,Alberta,Black Chernozem,Orthic,Medium,17,39,NA,110.21,1983,NA,14,1,27,1983,2009,CT,NA,CONT_BAR,NA,NA,yes,NA,est_equation,NA,NA,NA,NA,NA,Malhi et al. 2011b,NA,cpr,NA,CR1,E1_F0S_CT_CR1,NA,Brown,Intensive Tillage,Canada,0,10,10,1,727006,727,727006,AB,AB_3,BAR,BAR,BARLEY,1873.3,1857.6,NA,NA,820.798,1857.6,NA,NA,NA,820.798,NA,NA,0,NA,NA,NA,NA,NA,NA,NA,NA,NA,20,NA,131.9,10,110.21,21.690000000000012,NA
727006,1995,2436.521739,0.11425993194893602,1.0455179311620248,2385.880870405812,2385.880870405812,0.0908193731052565,18494.302793163737,11725.963719241912,7.872509311281692e-4,346889.18794458674,13414.171505680783,27526.01609532851,275.2601609532851,1652.690946478404,FALSE,E1,Ellerslie,53.416667,-113.55,10,Alberta,Black Chernozem,Orthic,Medium,17,39,NA,110.21,1983,NA,14,1,27,1983,2009,CT,NA,CONT_BAR,NA,NA,yes,NA,est_equation,NA,NA,NA,NA,NA,Malhi et al. 2011b,NA,cpr,NA,CR1,E1_F0S_CT_CR1,NA,Brown,Intensive Tillage,Canada,0,10,10,1,727006,727,727006,AB,AB_3,BAR,BAR,BARLEY,2456.857188,2436.521739,NA,NA,1076.543364,2436.521739,NA,NA,NA,1076.543364,NA,NA,0,NA,NA,NA,NA,NA,NA,NA,NA,NA,20,125.8666667,131.9,10,110.21,21.690000000000012,147.5566667
727006,1996,2098.804348,0.13616616279552432,1.2459675267780845,1724.5475829672594,1724.5475829672594,0.10823151504032535,13367.93700650707,11903.676975778364,9.381848616611626e-4,250736.2869821579,13636.823521758215,27265.04808050384,272.6504808050384,-260.9680148246698,FALSE,E1,Ellerslie,53.416667,-113.55,10,Alberta,Black Chernozem,Orthic,Medium,17,39,NA,110.21,1983,NA,14,1,27,1983,2009,CT,NA,CONT_BAR,NA,NA,yes,NA,est_equation,NA,NA,NA,NA,NA,Malhi et al. 2011b,NA,cpr,NA,CR1,E1_F0S_CT_CR1,NA,Brown,Intensive Tillage,Canada,0,10,10,1,727006,727,727006,AB,AB_3,BAR,BAR,BARLEY,1987.181289,2098.804348,NA,NA,898.9168401,2098.804348,NA,NA,NA,898.9168401,NA,NA,0,NA,NA,NA,NA,NA,NA,NA,NA,NA,20,NA,131.9,10,110.21,21.690000000000012,NA
727006,1983,1384.891304,0.379914361620591,2.430837129792034,68.0393819504241,68.0393819504241,0.16371188426200445,1020.2557767954917,717.157587503202,0.002617609951565872,10496.33383998217,10294.90281322994,11080.099782683566,110.80099782683567,59.099782683566445,FALSE,E1,Ellerslie,53.416667,-113.55,10,Alberta,Black Chernozem,Orthic,Medium,17,39,NA,110.21,1983,NA,14,1,27,1983,2009,CT,NA,CONT_BAR,NA,NA,yes,NA,est_equation,NA,NA,NA,NA,NA,Malhi et al. 2011b,NA,cpr,NA,CR1,E1_F0S_CT_CR1,NA,Brown,Intensive Tillage,Canada,0,10,10,1,727006,727,727006,AB,AB_3,BAR,BAR,BARLEY,1348.043478,1384.891304,NA,NA,601.2456522,1384.891304,NA,NA,NA,601.2456522,NA,NA,0,NA,NA,NA,NA,NA,NA,NA,NA,NA,20,110.21,131.9,10,110.21,21.690000000000012,131.9
727006,1984,2102.73,0.40893634711220406,2.6165308730144936,95.97501319786613,95.97501319786613,0.17621797618648255,1439.152720618388,844.3861086772501,0.0028175714316030862,14805.921952017647,10307.612931882804,11247.97405375792,112.4797405375792,167.8742710743536,FALSE,E1,Ellerslie,53.416667,-113.55,10,Alberta,Black Chernozem,Orthic,Medium,17,39,NA,110.21,1983,NA,14,1,27,1983,2009,CT,NA,CONT_BAR,NA,NA,yes,NA,est_equation,NA,NA,NA,NA,NA,Malhi et al. 2011b,NA,cpr,NA,CR1,E1_F0S_CT_CR1,NA,Brown,Intensive Tillage,Canada,0,10,10,1,727006,727,727006,AB,AB_3,BAR,BAR,BARLEY,2809.065,2102.73,NA,NA,1080.5949,2102.73,NA,NA,NA,1080.5949,NA,NA,0,NA,NA,NA,NA,NA,NA,NA,NA,NA,20,NA,131.9,10,110.21,21.690000000000012,NA
727006,1985,2357.455,0.35520275517726974,2.272722837342034,123.87893659122649,123.87893659122649,0.15306321165926293,1857.574202725301,999.4679323671721,0.0024473469831713885,19110.61854075809,10329.156941102527,11452.503810060925,114.52503810060925,204.52975630300534,FALSE,E1,Ellerslie,53.416667,-113.55,10,Alberta,Black Chernozem,Orthic,Medium,17,39,NA,110.21,1983,NA,14,1,27,1983,2009,CT,NA,CONT_BAR,NA,NA,yes,NA,est_equation,NA,NA,NA,NA,NA,Malhi et al. 2011b,NA,cpr,NA,CR1,E1_F0S_CT_CR1,NA,Brown,Intensive Tillage,Canada,0,10,10,1,727006,727,727006,AB,AB_3,BAR,BAR,BARLEY,2929.5,2357.455,NA,NA,1163.1301,2357.455,NA,NA,NA,1163.1301,NA,NA,0,NA,NA,NA,NA,NA,NA,NA,NA,NA,20,NA,131.9,10,110.21,21.690000000000012,NA
727006,1986,2478.14,0.43324601325531226,2.7720733979704995,106.76321555117579,106.76321555117579,0.1866934455346063,1600.922646456673,1111.7555852735725,0.0029850650313291015,16470.201817406894,10347.488359418605,11566.007160243353,115.66007160243353,113.50335018242731,FALSE,E1,Ellerslie,53.416667,-113.55,10,Alberta,Black Chernozem,Orthic,Medium,17,39,NA,110.21,1983,NA,14,1,27,1983,2009,CT,NA,CONT_BAR,NA,NA,yes,NA,est_equation,NA,NA,NA,NA,NA,Malhi et al. 2011b,NA,cpr,NA,CR1,E1_F0S_CT_CR1,NA,Brown,Intensive Tillage,Canada,0,10,10,1,727006,727,727006,AB,AB_3,BAR,BAR,BARLEY,2431.485,2478.14,NA,NA,1080.1175,2478.14,NA,NA,NA,1080.1175,NA,NA,0,NA,NA,NA,NA,NA,NA,NA,NA,NA,20,NA,131.9,10,110.21,21.690000000000012,NA
727006,1987,1567.95,0.4423779346541845,2.8305029174759766,66.15598432782615,66.15598432782615,0.19062855357517813,992.0140842730851,1088.929436134929,0.0030479839697673313,10205.784901506786,10347.05644955043,11502.141870013185,115.02141870013186,-63.865290230167375,FALSE,E1,Ellerslie,53.416667,-113.55,10,Alberta,Black Chernozem,Orthic,Medium,17,39,NA,110.21,1983,NA,14,1,27,1983,2009,CT,NA,CONT_BAR,NA,NA,yes,NA,est_equation,NA,NA,NA,NA,NA,Malhi et al. 2011b,NA,cpr,NA,CR1,E1_F0S_CT_CR1,NA,Brown,Intensive Tillage,Canada,0,10,10,1,727006,727,727006,AB,AB_3,BAR,BAR,BARLEY,1706.3525,1567.95,NA,NA,720.34655,1567.95,NA,NA,NA,720.34655,NA,NA,0,NA,NA,NA,NA,NA,NA,NA,NA,NA,20,NA,131.9,10,110.21,21.690000000000012,NA
727006,1988,2668.75,0.44405420579092003,2.84122834017754,112.17660381958035,112.17660381958035,0.19135088874871137,1682.0968208032455,1202.43254236796,0.0030595334778994393,17305.31714094142,10368.345481083692,11682.954627271232,116.82954627271232,180.812757258047,FALSE,E1,Ellerslie,53.416667,-113.55,10,Alberta,Black Chernozem,Orthic,Medium,17,39,NA,110.21,1983,NA,14,1,27,1983,2009,CT,NA,CONT_BAR,NA,NA,yes,NA,est_equation,NA,NA,NA,NA,NA,Malhi et al. 2011b,NA,cpr,NA,CR1,E1_F0S_CT_CR1,NA,Brown,Intensive Tillage,Canada,0,10,10,1,727006,727,727006,AB,AB_3,BAR,BAR,BARLEY,2805.775,2668.75,NA,NA,1204.3955,2668.75,NA,NA,NA,1204.3955,NA,NA,0,NA,NA,NA,NA,NA,NA,NA,NA,NA,20,NA,131.9,10,110.21,21.690000000000012,NA
727006,1989,1619.325,0.4196356316780544,2.6849889804520157,72.02645599976199,72.02645599976199,0.18082848901115964,1080.0422594874176,1180.300892445023,0.002891289502261795,11111.41379907223,10370.493906710955,11622.82125515574,116.2282125515574,-60.13337211549151,FALSE,E1,Ellerslie,53.416667,-113.55,10,Alberta,Black Chernozem,Orthic,Medium,17,39,NA,110.21,1983,NA,14,1,27,1983,2009,CT,NA,CONT_BAR,NA,NA,yes,NA,est_equation,NA,NA,NA,NA,NA,Malhi et al. 2011b,NA,cpr,NA,CR1,E1_F0S_CT_CR1,NA,Brown,Intensive Tillage,Canada,0,10,10,1,727006,727,727006,AB,AB_3,BAR,BAR,BARLEY,1518.025,1619.325,NA,NA,690.217,1619.325,NA,NA,NA,690.217,NA,NA,0,NA,NA,NA,NA,NA,NA,NA,NA,NA,20,NA,131.9,10,110.21,21.690000000000012,NA
727006,1990,2697.025,0.3537566886529204,2.2634703516382997,142.30189876200404,142.30189876200404,0.15244007576500618,2133.82794051081,1325.6566278961543,0.002437383584818622,21952.70140104542,10398.724189133609,11866.682715791767,118.66682715791767,243.8614606360261,FALSE,E1,Ellerslie,53.416667,-113.55,10,Alberta,Black Chernozem,Orthic,Medium,17,39,NA,110.21,1983,NA,14,1,27,1983,2009,CT,NA,CONT_BAR,NA,NA,yes,NA,est_equation,NA,NA,NA,NA,NA,Malhi et al. 2011b,NA,cpr,NA,CR1,E1_F0S_CT_CR1,NA,Brown,Intensive Tillage,Canada,0,10,10,1,727006,727,727006,AB,AB_3,BAR,BAR,BARLEY,2690.825,2697.025,NA,NA,1185.327,2697.025,NA,NA,NA,1185.327,NA,NA,0,NA,NA,NA,NA,NA,NA,NA,NA,NA,20,NA,131.9,10,110.21,21.690000000000012,NA
727006,1991,2503.26087,0.440824638425556,2.8205643351859844,105.99140121600229,105.99140121600229,0.18995921048606426,1589.3492310096008,1375.7474665945997,0.0030372817587520813,16351.135172586874,10416.803338434247,11898.542206244849,118.98542206244849,31.85949045308189,FALSE,E1,Ellerslie,53.416667,-113.55,10,Alberta,Black Chernozem,Orthic,Medium,17,39,NA,110.21,1983,NA,14,1,27,1983,2009,CT,NA,CONT_BAR,NA,NA,yes,NA,est_equation,NA,NA,NA,NA,NA,Malhi et al. 2011b,NA,cpr,NA,CR1,E1_F0S_CT_CR1,NA,Brown,Intensive Tillage,Canada,0,10,10,1,727006,727,727006,AB,AB_3,BAR,BAR,BARLEY,2674.891304,2503.26087,NA,NA,1139.193478,2503.26087,NA,NA,NA,1139.193478,NA,NA,0,NA,NA,NA,NA,NA,NA,NA,NA,NA,20,NA,131.9,10,110.21,21.690000000000012,NA
727006,1992,2504.525,0.38932279131815845,2.4910358549582203,120.07315594139595,120.07315594139595,0.1677661446673365,1800.5062285330116,1447.0076064986781,0.0026824340321821116,18523.506443657145,10438.549034732494,12005.629797172569,120.0562979717257,107.08759092772016,FALSE,E1,Ellerslie,53.416667,-113.55,10,Alberta,Black Chernozem,Orthic,Medium,17,39,NA,110.21,1983,NA,14,1,27,1983,2009,CT,NA,CONT_BAR,NA,NA,yes,NA,est_equation,NA,NA,NA,NA,NA,Malhi et al. 2011b,NA,cpr,NA,CR1,E1_F0S_CT_CR1,NA,Brown,Intensive Tillage,Canada,0,10,10,1,727006,727,727006,AB,AB_3,BAR,BAR,BARLEY,2543.325,2504.525,NA,NA,1110.527,2504.525,NA,NA,NA,1110.527,NA,NA,0,NA,NA,NA,NA,NA,NA,NA,NA,NA,20,NA,131.9,10,110.21,21.690000000000012,NA
727006,1993,2897.375,0.45925824362182815,2.938509578834802,117.75466758316489,117.75466758316489,0.19790258021694423,1765.740316893163,1510.0856322852867,0.0031642892985543963,18165.836707182505,10463.00040842128,12090.840708289732,120.90840708289733,85.21091111716305,FALSE,E1,Ellerslie,53.416667,-113.55,10,Alberta,Black Chernozem,Orthic,Medium,17,39,NA,110.21,1983,NA,14,1,27,1983,2009,CT,NA,CONT_BAR,NA,NA,yes,NA,est_equation,NA,NA,NA,NA,NA,Malhi et al. 2011b,NA,cpr,NA,CR1,E1_F0S_CT_CR1,NA,Brown,Intensive Tillage,Canada,0,10,10,1,727006,727,727006,AB,AB_3,BAR,BAR,BARLEY,1916.4,2897.375,NA,NA,1059.0305,2897.375,NA,NA,NA,1059.0305,NA,NA,0,NA,NA,NA,NA,NA,NA,NA,NA,NA,20,NA,131.9,10,110.21,21.690000000000012,NA
727006,1994,1857.6,0.34268643790398473,2.192638660933501,101.17790160823951,101.17790160823951,0.1476697069860258,1517.1704333685357,1511.1318427853043,0.002361109557158455,15608.563776825009,10475.149647267383,12087.459391660926,120.87459391660927,-3.381316628805507,FALSE,E1,Ellerslie,53.416667,-113.55,10,Alberta,Black Chernozem,Orthic,Medium,17,39,NA,110.21,1983,NA,14,1,27,1983,2009,CT,NA,CONT_BAR,NA,NA,yes,NA,est_equation,NA,NA,NA,NA,NA,Malhi et al. 2011b,NA,cpr,NA,CR1,E1_F0S_CT_CR1,NA,Brown,Intensive Tillage,Canada,0,10,10,1,727006,727,727006,AB,AB_3,BAR,BAR,BARLEY,1873.3,1857.6,NA,NA,820.798,1857.6,NA,NA,NA,820.798,NA,NA,0,NA,NA,NA,NA,NA,NA,NA,NA,NA,20,NA,131.9,10,110.21,21.690000000000012,NA
727006,1995,2436.521739,0.3353310255039472,2.1455759242402244,135.6209981391477,135.6209981391477,0.14450012840416418,2033.6473207098788,1586.6353964385685,0.0023104307657221966,20922.048839557712,10499.286484567649,12221.542879145365,122.21542879145365,134.0834874844386,FALSE,E1,Ellerslie,53.416667,-113.55,10,Alberta,Black Chernozem,Orthic,Medium,17,39,NA,110.21,1983,NA,14,1,27,1983,2009,CT,NA,CONT_BAR,NA,NA,yes,NA,est_equation,NA,NA,NA,NA,NA,Malhi et al. 2011b,NA,cpr,NA,CR1,E1_F0S_CT_CR1,NA,Brown,Intensive Tillage,Canada,0,10,10,1,727006,727,727006,AB,AB_3,BAR,BAR,BARLEY,2456.857188,2436.521739,NA,NA,1076.543364,2436.521739,NA,NA,NA,1076.543364,NA,NA,0,NA,NA,NA,NA,NA,NA,NA,NA,NA,20,125.8666667,131.9,10,110.21,21.690000000000012,147.5566667
727006,1996,2098.804348,0.4141746628259437,2.6500476168412193,94.58424700901126,94.58424700901126,0.17847525999169972,1418.2980744167965,1556.5913491244262,0.002853663426870752,14591.37052910471,10510.963915145225,12162.139511278663,121.62139511278663,-59.403367866701956,FALSE,E1,Ellerslie,53.416667,-113.55,10,Alberta,Black Chernozem,Orthic,Medium,17,39,NA,110.21,1983,NA,14,1,27,1983,2009,CT,NA,CONT_BAR,NA,NA,yes,NA,est_equation,NA,NA,NA,NA,NA,Malhi et al. 2011b,NA,cpr,NA,CR1,E1_F0S_CT_CR1,NA,Brown,Intensive Tillage,Canada,0,10,10,1,727006,727,727006,AB,AB_3,BAR,BAR,BARLEY,1987.181289,2098.804348,NA,NA,898.9168401,2098.804348,NA,NA,NA,898.9168401,NA,NA,0,NA,NA,NA,NA,NA,NA,NA,NA,NA,20,NA,131.9,10,110.21,21.690000000000012,NA
727006,1983,1384.891304,0.22288028154634895,2.4137048167030013,198.1871347584704,198.1871347584704,0.14381653483062365,2530.004323305905,927.0736660135814,0.0015356451398543444,70707.53691981059,10387.147341338832,11512.408142110884,115.12408142110884,491.408142110884,FALSE,E1,Ellerslie,53.416667,-113.55,10,Alberta,Black Chernozem,Orthic,Medium,17,39,NA,110.21,1983,NA,14,1,27,1983,2009,CT,NA,CONT_BAR,NA,NA,yes,NA,est_equation,NA,NA,NA,NA,NA,Malhi et al. 2011b,NA,cpr,NA,CR1,E1_F0S_CT_CR1,NA,Brown,Intensive Tillage,Canada,0,10,10,1,727006,727,727006,AB,AB_3,BAR,BAR,BARLEY,1348.043478,1384.891304,NA,NA,601.2456522,1384.891304,NA,NA,NA,601.2456522,NA,NA,0,NA,NA,NA,NA,NA,NA,NA,NA,NA,20,110.21,131.9,10,110.21,21.690000000000012,131.9
727006,1984,2102.73,0.23812975774949421,2.5788505797483303,281.6444899472126,281.6444899472126,0.15365646687980464,3595.3987531538296,1337.0790713902989,0.0016407140308940151,100482.7492736767,10534.96845955106,12153.692020888571,121.53692020888572,641.2838787776873,FALSE,E1,Ellerslie,53.416667,-113.55,10,Alberta,Black Chernozem,Orthic,Medium,17,39,NA,110.21,1983,NA,14,1,27,1983,2009,CT,NA,CONT_BAR,NA,NA,yes,NA,est_equation,NA,NA,NA,NA,NA,Malhi et al. 2011b,NA,cpr,NA,CR1,E1_F0S_CT_CR1,NA,Brown,Intensive Tillage,Canada,0,10,10,1,727006,727,727006,AB,AB_3,BAR,BAR,BARLEY,2809.065,2102.73,NA,NA,1080.5949,2102.73,NA,NA,NA,1080.5949,NA,NA,0,NA,NA,NA,NA,NA,NA,NA,NA,NA,20,NA,131.9,10,110.21,21.690000000000012,NA
727006,1985,2357.455,0.20447992570948673,2.2144362802297666,367.72584216146777,367.72584216146777,0.13194345481767658,4694.290432088988,1780.041136874037,0.0014088666881383635,131194.129188495,10704.961131720802,12852.728110756307,128.52728110756306,699.0360898677354,FALSE,E1,Ellerslie,53.416667,-113.55,10,Alberta,Black Chernozem,Orthic,Medium,17,39,NA,110.21,1983,NA,14,1,27,1983,2009,CT,NA,CONT_BAR,NA,NA,yes,NA,est_equation,NA,NA,NA,NA,NA,Malhi et al. 2011b,NA,cpr,NA,CR1,E1_F0S_CT_CR1,NA,Brown,Intensive Tillage,Canada,0,10,10,1,727006,727,727006,AB,AB_3,BAR,BAR,BARLEY,2929.5,2357.455,NA,NA,1163.1301,2357.455,NA,NA,NA,1163.1301,NA,NA,0,NA,NA,NA,NA,NA,NA,NA,NA,NA,20,NA,131.9,10,110.21,21.690000000000012,NA
727006,1986,2478.14,0.24581978535682855,2.662130520654821,321.5440081438927,321.5440081438927,0.1586185618465084,4104.745405036383,2148.7823846083884,0.0016936983211085488,114717.76336484154,10881.127440236834,13351.453832989115,133.51453832989114,498.72572223280804,FALSE,E1,Ellerslie,53.416667,-113.55,10,Alberta,Black Chernozem,Orthic,Medium,17,39,NA,110.21,1983,NA,14,1,27,1983,2009,CT,NA,CONT_BAR,NA,NA,yes,NA,est_equation,NA,NA,NA,NA,NA,Malhi et al. 2011b,NA,cpr,NA,CR1,E1_F0S_CT_CR1,NA,Brown,Intensive Tillage,Canada,0,10,10,1,727006,727,727006,AB,AB_3,BAR,BAR,BARLEY,2431.485,2478.14,NA,NA,1080.1175,2478.14,NA,NA,NA,1080.1175,NA,NA,0,NA,NA,NA,NA,NA,NA,NA,NA,NA,20,NA,131.9,10,110.21,21.690000000000012,NA
727006,1987,1567.95,0.2584179114061232,2.798563215892109,193.52675555558034,193.52675555558034,0.16674767412687044,2470.5111602107013,2202.42990963976,0.001780499409588189,69044.8460748662,10984.687906925246,13380.644572120586,133.80644572120585,29.190739131470764,FALSE,E1,Ellerslie,53.416667,-113.55,10,Alberta,Black Chernozem,Orthic,Medium,17,39,NA,110.21,1983,NA,14,1,27,1983,2009,CT,NA,CONT_BAR,NA,NA,yes,NA,est_equation,NA,NA,NA,NA,NA,Malhi et al. 2011b,NA,cpr,NA,CR1,E1_F0S_CT_CR1,NA,Brown,Intensive Tillage,Canada,0,10,10,1,727006,727,727006,AB,AB_3,BAR,BAR,BARLEY,1706.3525,1567.95,NA,NA,720.34655,1567.95,NA,NA,NA,720.34655,NA,NA,0,NA,NA,NA,NA,NA,NA,NA,NA,NA,20,NA,131.9,10,110.21,21.690000000000012,NA
727006,1988,2668.75,0.26564831234726094,2.87686558278269,320.4293210773163,320.4293210773163,0.1714131887321823,4090.515606008265,2526.072699453908,0.0018303168720726279,114320.07470048884,11173.824408855657,14020.326429386882,140.2032642938688,639.681857266296,FALSE,E1,Ellerslie,53.416667,-113.55,10,Alberta,Black Chernozem,Orthic,Medium,17,39,NA,110.21,1983,NA,14,1,27,1983,2009,CT,NA,CONT_BAR,NA,NA,yes,NA,est_equation,NA,NA,NA,NA,NA,Malhi et al. 2011b,NA,cpr,NA,CR1,E1_F0S_CT_CR1,NA,Brown,Intensive Tillage,Canada,0,10,10,1,727006,727,727006,AB,AB_3,BAR,BAR,BARLEY,2805.775,2668.75,NA,NA,1204.3955,2668.75,NA,NA,NA,1204.3955,NA,NA,0,NA,NA,NA,NA,NA,NA,NA,NA,NA,20,NA,131.9,10,110.21,21.690000000000012,NA
727006,1989,1619.325,0.25087331797875806,2.716858269320108,205.87848584732976,205.87848584732976,0.16187942254399582,2628.190068463342,2542.6034001808675,0.0017285171608736431,73451.59238910994,11281.472599550434,14029.954485578632,140.2995448557863,9.628056191750147,FALSE,E1,Ellerslie,53.416667,-113.55,10,Alberta,Black Chernozem,Orthic,Medium,17,39,NA,110.21,1983,NA,14,1,27,1983,2009,CT,NA,CONT_BAR,NA,NA,yes,NA,est_equation,NA,NA,NA,NA,NA,Malhi et al. 2011b,NA,cpr,NA,CR1,E1_F0S_CT_CR1,NA,Brown,Intensive Tillage,Canada,0,10,10,1,727006,727,727006,AB,AB_3,BAR,BAR,BARLEY,1518.025,1619.325,NA,NA,690.217,1619.325,NA,NA,NA,690.217,NA,NA,0,NA,NA,NA,NA,NA,NA,NA,NA,NA,20,NA,131.9,10,110.21,21.690000000000012,NA
727006,1990,2697.025,0.212525758556936,2.301569450394203,404.7667368814661,404.7667368814661,0.13713513795769422,5167.144655926085,2902.520227363148,0.0014643024764572892,144409.26766935017,11476.41195955644,14783.698923801054,147.83698923801055,753.7444382224221,FALSE,E1,Ellerslie,53.416667,-113.55,10,Alberta,Black Chernozem,Orthic,Medium,17,39,NA,110.21,1983,NA,14,1,27,1983,2009,CT,NA,CONT_BAR,NA,NA,yes,NA,est_equation,NA,NA,NA,NA,NA,Malhi et al. 2011b,NA,cpr,NA,CR1,E1_F0S_CT_CR1,NA,Brown,Intensive Tillage,Canada,0,10,10,1,727006,727,727006,AB,AB_3,BAR,BAR,BARLEY,2690.825,2697.025,NA,NA,1185.327,2697.025,NA,NA,NA,1185.327,NA,NA,0,NA,NA,NA,NA,NA,NA,NA,NA,NA,20,NA,131.9,10,110.21,21.690000000000012,NA
727006,1991,2503.26087,0.26288982784590365,2.846992292595096,303.7132555676411,303.7132555676411,0.16963323906765046,3877.122753542419,3067.8452106824525,0.0018113109138582762,108356.25762114226,11651.891481336177,15023.44994758627,150.23449947586272,239.7510237852166,FALSE,E1,Ellerslie,53.416667,-113.55,10,Alberta,Black Chernozem,Orthic,Medium,17,39,NA,110.21,1983,NA,14,1,27,1983,2009,CT,NA,CONT_BAR,NA,NA,yes,NA,est_equation,NA,NA,NA,NA,NA,Malhi et al. 2011b,NA,cpr,NA,CR1,E1_F0S_CT_CR1,NA,Brown,Intensive Tillage,Canada,0,10,10,1,727006,727,727006,AB,AB_3,BAR,BAR,BARLEY,2674.891304,2503.26087,NA,NA,1139.193478,2503.26087,NA,NA,NA,1139.193478,NA,NA,0,NA,NA,NA,NA,NA,NA,NA,NA,NA,20,NA,131.9,10,110.21,21.690000000000012,NA
727006,1992,2504.525,0.22483997258093,2.434927491300325,355.290230639006,355.290230639006,0.14508105213999126,4535.540718324148,3280.7800191522483,0.0015491474110826077,126757.4564351577,11830.206969285591,15466.277219076845,154.66277219076844,442.8272714905743,FALSE,E1,Ellerslie,53.416667,-113.55,10,Alberta,Black Chernozem,Orthic,Medium,17,39,NA,110.21,1983,NA,14,1,27,1983,2009,CT,NA,CONT_BAR,NA,NA,yes,NA,est_equation,NA,NA,NA,NA,NA,Malhi et al. 2011b,NA,cpr,NA,CR1,E1_F0S_CT_CR1,NA,Brown,Intensive Tillage,Canada,0,10,10,1,727006,727,727006,AB,AB_3,BAR,BAR,BARLEY,2543.325,2504.525,NA,NA,1110.527,2504.525,NA,NA,NA,1110.527,NA,NA,0,NA,NA,NA,NA,NA,NA,NA,NA,NA,20,NA,131.9,10,110.21,21.690000000000012,NA
727006,1993,2897.375,0.2657249317526926,2.8776953404743986,347.77937506369733,347.77937506369733,0.17146262844624544,4439.659130952619,3479.48447771299,0.001830844779776052,124077.79663515241,12035.714882867787,15862.978735644476,158.62978735644475,396.7015165676312,FALSE,E1,Ellerslie,53.416667,-113.55,10,Alberta,Black Chernozem,Orthic,Medium,17,39,NA,110.21,1983,NA,14,1,27,1983,2009,CT,NA,CONT_BAR,NA,NA,yes,NA,est_equation,NA,NA,NA,NA,NA,Malhi et al. 2011b,NA,cpr,NA,CR1,E1_F0S_CT_CR1,NA,Brown,Intensive Tillage,Canada,0,10,10,1,727006,727,727006,AB,AB_3,BAR,BAR,BARLEY,1916.4,2897.375,NA,NA,1059.0305,2897.375,NA,NA,NA,1059.0305,NA,NA,0,NA,NA,NA,NA,NA,NA,NA,NA,NA,20,NA,131.9,10,110.21,21.690000000000012,NA
727006,1994,1857.6,0.2089599775048401,2.262953459598434,283.5440302043325,283.5440302043325,0.13483426920735356,3619.6477795533674,3498.383294086327,0.0014397342450083485,101160.45124976439,12164.03081789255,15945.95814218321,159.4595814218321,82.97940653873411,FALSE,E1,Ellerslie,53.416667,-113.55,10,Alberta,Black Chernozem,Orthic,Medium,17,39,NA,110.21,1983,NA,14,1,27,1983,2009,CT,NA,CONT_BAR,NA,NA,yes,NA,est_equation,NA,NA,NA,NA,NA,Malhi et al. 2011b,NA,cpr,NA,CR1,E1_F0S_CT_CR1,NA,Brown,Intensive Tillage,Canada,0,10,10,1,727006,727,727006,AB,AB_3,BAR,BAR,BARLEY,1873.3,1857.6,NA,NA,820.798,1857.6,NA,NA,NA,820.798,NA,NA,0,NA,NA,NA,NA,NA,NA,NA,NA,NA,20,NA,131.9,10,110.21,21.690000000000012,NA
727006,1995,2436.521739,0.19918256669444726,2.1570679886891493,390.16686543385384,390.16686543385384,0.1285252618218179,4980.7665747898645,3688.9069933590345,0.0013723678845247416,139200.44848608374,12338.371517665446,16417.445376458334,164.17445376458335,471.48723427512414,FALSE,E1,Ellerslie,53.416667,-113.55,10,Alberta,Black Chernozem,Orthic,Medium,17,39,NA,110.21,1983,NA,14,1,27,1983,2009,CT,NA,CONT_BAR,NA,NA,yes,NA,est_equation,NA,NA,NA,NA,NA,Malhi et al. 2011b,NA,cpr,NA,CR1,E1_F0S_CT_CR1,NA,Brown,Intensive Tillage,Canada,0,10,10,1,727006,727,727006,AB,AB_3,BAR,BAR,BARLEY,2456.857188,2436.521739,NA,NA,1076.543364,2436.521739,NA,NA,NA,1076.543364,NA,NA,0,NA,NA,NA,NA,NA,NA,NA,NA,NA,20,125.8666667,131.9,10,110.21,21.690000000000012,147.5566667
727006,1996,2098.804348,0.24302425185688226,2.631856004545724,275.4569654675823,275.4569654675823,0.15681470581143966,3516.410459069535,3661.8570000809336,0.0016744370952939188,98275.2163976458,12482.267358585004,16419.58132413352,164.1958132413352,2.1359476751858892,FALSE,E1,Ellerslie,53.416667,-113.55,10,Alberta,Black Chernozem,Orthic,Medium,17,39,NA,110.21,1983,NA,14,1,27,1983,2009,CT,NA,CONT_BAR,NA,NA,yes,NA,est_equation,NA,NA,NA,NA,NA,Malhi et al. 2011b,NA,cpr,NA,CR1,E1_F0S_CT_CR1,NA,Brown,Intensive Tillage,Canada,0,10,10,1,727006,727,727006,AB,AB_3,BAR,BAR,BARLEY,1987.181289,2098.804348,NA,NA,898.9168401,2098.804348,NA,NA,NA,898.9168401,NA,NA,0,NA,NA,NA,NA,NA,NA,NA,NA,NA,20,NA,131.9,10,110.21,21.690000000000012,NA
727006,1983,2305.652174,0.5110584848155831,2.3001476316072473,739.472065690048,739.472065690048,0.08860056644201847,13257.251467023018,1774.1395368358317,0.003521192960379368,80084.76067117245,10540.119579245686,13053.731181771565,130.53731181771565,2032.7311817715654,FALSE,E1,Ellerslie,53.416667,-113.55,10,Alberta,Black Chernozem,Orthic,Medium,17,39,NA,110.21,1983,NA,7,1,27,1983,2009,CT,NA,CONT_BAR,NA,NA,no,NA,est_equation,NA,NA,NA,NA,NA,Malhi et al. 2011b,NA,cpr,NA,CR1,E1_F25NS_CT_CR1,NA,Brown,Intensive Tillage,Canada,0,10,10,1,727006,727,727006,AB,AB_3,BAR,BAR,BARLEY,2181.304348,2305.652174,NA,NA,987.1304348,2305.652174,NA,NA,NA,987.1304348,NA,NA,25,NA,NA,NA,NA,NA,NA,NA,NA,NA,20,110.21,131.9,10,110.21,21.690000000000012,131.9
727006,1984,2368.555,0.5546514632033469,2.4963488276983434,699.9417443690993,699.9417443690993,0.09615814095219274,12548.55206559938,2810.1870154537482,0.0038215485814710602,75803.630295695,10789.527256045954,14299.6560158688,142.996560158688,1245.9248340972354,FALSE,E1,Ellerslie,53.416667,-113.55,10,Alberta,Black Chernozem,Orthic,Medium,17,39,NA,110.21,1983,NA,7,1,27,1983,2009,CT,NA,CONT_BAR,NA,NA,no,NA,est_equation,NA,NA,NA,NA,NA,Malhi et al. 2011b,NA,cpr,NA,CR1,E1_F25NS_CT_CR1,NA,Brown,Intensive Tillage,Canada,0,10,10,1,727006,727,727006,AB,AB_3,BAR,BAR,BARLEY,3370.01,2368.555,NA,NA,1262.4843,2368.555,NA,NA,NA,1262.4843,NA,NA,25,NA,NA,NA,NA,NA,NA,NA,NA,NA,20,NA,131.9,10,110.21,21.690000000000012,NA
727006,1985,2302.37,0.48630406229537426,2.188734108452045,776.0072968302549,776.0072968302549,0.08430897179600257,13912.25490678047,3746.1909441809185,0.003350634989215129,84041.52303946971,11034.967956147733,15557.166197158906,155.57166197158907,1257.5101812901048,FALSE,E1,Ellerslie,53.416667,-113.55,10,Alberta,Black Chernozem,Orthic,Medium,17,39,NA,110.21,1983,NA,7,1,27,1983,2009,CT,NA,CONT_BAR,NA,NA,no,NA,est_equation,NA,NA,NA,NA,NA,Malhi et al. 2011b,NA,cpr,NA,CR1,E1_F25NS_CT_CR1,NA,Brown,Intensive Tillage,Canada,0,10,10,1,727006,727,727006,AB,AB_3,BAR,BAR,BARLEY,2970.73,2302.37,NA,NA,1160.082,2302.37,NA,NA,NA,1160.082,NA,NA,25,NA,NA,NA,NA,NA,NA,NA,NA,NA,20,NA,131.9,10,110.21,21.690000000000012,NA
727006,1986,3545.78,0.5920704183647699,2.6647622747871305,981.6055556561363,981.6055556561363,0.10264534490531158,17598.21945487101,5168.037188298912,0.004079365182533265,106307.79666417478,11423.620616420714,17573.263360375764,175.73263360375765,2016.0971632168585,FALSE,E1,Ellerslie,53.416667,-113.55,10,Alberta,Black Chernozem,Orthic,Medium,17,39,NA,110.21,1983,NA,7,1,27,1983,2009,CT,NA,CONT_BAR,NA,NA,no,NA,est_equation,NA,NA,NA,NA,NA,Malhi et al. 2011b,NA,cpr,NA,CR1,E1_F25NS_CT_CR1,NA,Brown,Intensive Tillage,Canada,0,10,10,1,727006,727,727006,AB,AB_3,BAR,BAR,BARLEY,2658.25,3545.78,NA,NA,1364.8866,3545.78,NA,NA,NA,1364.8866,NA,NA,25,NA,NA,NA,NA,NA,NA,NA,NA,NA,20,NA,131.9,10,110.21,21.690000000000012,NA
727006,1987,2518.085,0.5893115065199497,2.6523450960605777,700.3643793550305,700.3643793550305,0.10216704122877078,12556.129063497227,5922.856675514245,0.0040603562799224535,75849.40162806842,11685.212240940267,18308.43329580954,183.08433295809542,735.1699354337761,FALSE,E1,Ellerslie,53.416667,-113.55,10,Alberta,Black Chernozem,Orthic,Medium,17,39,NA,110.21,1983,NA,7,1,27,1983,2009,CT,NA,CONT_BAR,NA,NA,no,NA,est_equation,NA,NA,NA,NA,NA,Malhi et al. 2011b,NA,cpr,NA,CR1,E1_F25NS_CT_CR1,NA,Brown,Intensive Tillage,Canada,0,10,10,1,727006,727,727006,AB,AB_3,BAR,BAR,BARLEY,2949.235,2518.085,NA,NA,1202.8104,2518.085,NA,NA,NA,1202.8104,NA,NA,25,NA,NA,NA,NA,NA,NA,NA,NA,NA,20,NA,131.9,10,110.21,21.690000000000012,NA
727006,1988,3256.125,0.5849462280574157,2.6326980591455618,912.396705728609,912.396705728609,0.1014102469362404,16357.443542157536,6981.0307063381915,0.004030279511315594,98812.48421095725,12036.359500037848,19929.78691210465,199.2978691210465,1621.3536162951095,FALSE,E1,Ellerslie,53.416667,-113.55,10,Alberta,Black Chernozem,Orthic,Medium,17,39,NA,110.21,1983,NA,7,1,27,1983,2009,CT,NA,CONT_BAR,NA,NA,no,NA,est_equation,NA,NA,NA,NA,NA,Malhi et al. 2011b,NA,cpr,NA,CR1,E1_F25NS_CT_CR1,NA,Brown,Intensive Tillage,Canada,0,10,10,1,727006,727,727006,AB,AB_3,BAR,BAR,BARLEY,3203.775,3256.125,NA,NA,1421.178,3256.125,NA,NA,NA,1421.178,NA,NA,25,NA,NA,NA,NA,NA,NA,NA,NA,NA,20,NA,131.9,10,110.21,21.690000000000012,NA
727006,1989,3036.325,0.5598131089132545,2.5195801163034504,889.0041249978609,889.0041249978609,0.09705299887405243,15938.061472706713,7850.337403221409,0.003857112320412324,96279.06974376587,12361.293095623858,21100.63462384313,211.0063462384313,1170.8477117384791,FALSE,E1,Ellerslie,53.416667,-113.55,10,Alberta,Black Chernozem,Orthic,Medium,17,39,NA,110.21,1983,NA,7,1,27,1983,2009,CT,NA,CONT_BAR,NA,NA,no,NA,est_equation,NA,NA,NA,NA,NA,Malhi et al. 2011b,NA,cpr,NA,CR1,E1_F25NS_CT_CR1,NA,Brown,Intensive Tillage,Canada,0,10,10,1,727006,727,727006,AB,AB_3,BAR,BAR,BARLEY,2982.425,3036.325,NA,NA,1324.125,3036.325,NA,NA,NA,1324.125,NA,NA,25,NA,NA,NA,NA,NA,NA,NA,NA,NA,20,NA,131.9,10,110.21,21.690000000000012,NA
727006,1990,3257.075,0.4692912709726262,2.1121637494212813,1137.5850278226678,1137.5850278226678,0.08135951886108207,20394.618645793224,8870.934089575148,0.0032334168570013946,123200.35999097985,12719.682002937607,22728.201120335423,227.28201120335424,1627.5664964922944,FALSE,E1,Ellerslie,53.416667,-113.55,10,Alberta,Black Chernozem,Orthic,Medium,17,39,NA,110.21,1983,NA,7,1,27,1983,2009,CT,NA,CONT_BAR,NA,NA,no,NA,est_equation,NA,NA,NA,NA,NA,Malhi et al. 2011b,NA,cpr,NA,CR1,E1_F25NS_CT_CR1,NA,Brown,Intensive Tillage,Canada,0,10,10,1,727006,727,727006,AB,AB_3,BAR,BAR,BARLEY,3636.7,3257.075,NA,NA,1516.6305,3257.075,NA,NA,NA,1516.6305,NA,NA,25,NA,NA,NA,NA,NA,NA,NA,NA,NA,20,NA,131.9,10,110.21,21.690000000000012,NA
727006,1991,2561.956522,0.5899751390484547,2.65533194166446,711.7650002666603,711.7650002666603,0.10228209306663646,12760.51933774598,9268.769009919173,0.0040649287080438525,77084.0878854305,12981.31872418554,22961.852734371372,229.61852734371374,233.65161403594902,FALSE,E1,Ellerslie,53.416667,-113.55,10,Alberta,Black Chernozem,Orthic,Medium,17,39,NA,110.21,1983,NA,7,1,27,1983,2009,CT,NA,CONT_BAR,NA,NA,no,NA,est_equation,NA,NA,NA,NA,NA,Malhi et al. 2011b,NA,cpr,NA,CR1,E1_F25NS_CT_CR1,NA,Brown,Intensive Tillage,Canada,0,10,10,1,727006,727,727006,AB,AB_3,BAR,BAR,BARLEY,2829.673913,2561.956522,NA,NA,1186.158696,2561.956522,NA,NA,NA,1186.158696,NA,NA,25,NA,NA,NA,NA,NA,NA,NA,NA,NA,20,NA,131.9,10,110.21,21.690000000000012,NA
727006,1992,2787.325,0.5246419469266027,2.3612834294307836,870.8095510370098,870.8095510370098,0.09095548759691197,15611.869242430561,9845.708784443332,0.003614783014324293,94308.59895957338,13275.29919538161,23991.817530861954,239.91817530861954,1029.9647964905816,FALSE,E1,Ellerslie,53.416667,-113.55,10,Alberta,Black Chernozem,Orthic,Medium,17,39,NA,110.21,1983,NA,7,1,27,1983,2009,CT,NA,CONT_BAR,NA,NA,no,NA,est_equation,NA,NA,NA,NA,NA,Malhi et al. 2011b,NA,cpr,NA,CR1,E1_F25NS_CT_CR1,NA,Brown,Intensive Tillage,Canada,0,10,10,1,727006,727,727006,AB,AB_3,BAR,BAR,BARLEY,3034.4,2787.325,NA,NA,1280.7795,2787.325,NA,NA,NA,1280.7795,NA,NA,25,NA,NA,NA,NA,NA,NA,NA,NA,NA,20,NA,131.9,10,110.21,21.690000000000012,NA
727006,1993,3481.275,0.6178316466973569,2.780707181479905,923.563510628651,923.563510628651,0.10711148623810447,16557.641964128885,10564.633922850298,0.004256860045744789,100021.8482145143,13644.5671140074,25132.76454748635,251.3276454748635,1140.9470166243955,FALSE,E1,Ellerslie,53.416667,-113.55,10,Alberta,Black Chernozem,Orthic,Medium,17,39,NA,110.21,1983,NA,7,1,27,1983,2009,CT,NA,CONT_BAR,NA,NA,no,NA,est_equation,NA,NA,NA,NA,NA,Malhi et al. 2011b,NA,cpr,NA,CR1,E1_F25NS_CT_CR1,NA,Brown,Intensive Tillage,Canada,0,10,10,1,727006,727,727006,AB,AB_3,BAR,BAR,BARLEY,2525.65,3481.275,NA,NA,1321.5235,3481.275,NA,NA,NA,1321.5235,NA,NA,25,NA,NA,NA,NA,NA,NA,NA,NA,NA,20,NA,131.9,10,110.21,21.690000000000012,NA
727006,1994,2827.15,0.4460777535767575,2.0076854584901587,1038.8117925598738,1038.8117925598738,0.07733506598241048,18623.81258178275,11187.891036202875,0.0030734757221438595,112503.22716641972,13948.40680560216,26175.10963436491,261.7510963436491,1042.3450868785621,FALSE,E1,Ellerslie,53.416667,-113.55,10,Alberta,Black Chernozem,Orthic,Medium,17,39,NA,110.21,1983,NA,7,1,27,1983,2009,CT,NA,CONT_BAR,NA,NA,no,NA,est_equation,NA,NA,NA,NA,NA,Malhi et al. 2011b,NA,cpr,NA,CR1,E1_F25NS_CT_CR1,NA,Brown,Intensive Tillage,Canada,0,10,10,1,727006,727,727006,AB,AB_3,BAR,BAR,BARLEY,2575.275,2827.15,NA,NA,1188.5335,2827.15,NA,NA,NA,1188.5335,NA,NA,25,NA,NA,NA,NA,NA,NA,NA,NA,NA,20,NA,131.9,10,110.21,21.690000000000012,NA
727006,1995,3033.586957,0.4482047884127869,2.0172587153400174,1109.3754247455454,1109.3754247455454,0.07770382317344335,19888.877023992627,11863.990912832698,0.003088130992164102,120145.26242086139,14276.356606698018,27249.722944276262,272.4972294427626,1074.6133099113504,FALSE,E1,Ellerslie,53.416667,-113.55,10,Alberta,Black Chernozem,Orthic,Medium,17,39,NA,110.21,1983,NA,7,1,27,1983,2009,CT,NA,CONT_BAR,NA,NA,no,NA,est_equation,NA,NA,NA,NA,NA,Malhi et al. 2011b,NA,cpr,NA,CR1,E1_F25NS_CT_CR1,NA,Brown,Intensive Tillage,Canada,0,10,10,1,727006,727,727006,AB,AB_3,BAR,BAR,BARLEY,2736.832631,3033.586957,NA,NA,1269.492309,3033.586957,NA,NA,NA,1269.492309,NA,NA,25,NA,NA,NA,NA,NA,NA,NA,NA,NA,20,126.4,131.9,10,110.21,21.690000000000012,148.09000000000003
727006,1996,3005.978261,0.559769989359476,2.5193860458742403,880.1867142971527,880.1867142971527,0.09704552337564469,15779.982978100934,12244.020412341526,0.0038568152266867895,95324.14492852394,14588.942950786924,27713.150077425606,277.13150077425604,463.4271331493437,FALSE,E1,Ellerslie,53.416667,-113.55,10,Alberta,Black Chernozem,Orthic,Medium,17,39,NA,110.21,1983,NA,7,1,27,1983,2009,CT,NA,CONT_BAR,NA,NA,no,NA,est_equation,NA,NA,NA,NA,NA,Malhi et al. 2011b,NA,cpr,NA,CR1,E1_F25NS_CT_CR1,NA,Brown,Intensive Tillage,Canada,0,10,10,1,727006,727,727006,AB,AB_3,BAR,BAR,BARLEY,2867.68141,3005.978261,NA,NA,1292.205128,3005.978261,NA,NA,NA,1292.205128,NA,NA,25,NA,NA,NA,NA,NA,NA,NA,NA,NA,20,NA,131.9,10,110.21,21.690000000000012,NA
727006,1983,2305.652174,0.12600274080032042,1.1529686972084932,2047.3223369024897,2047.3223369024897,0.10015313096933617,15869.945429187337,2181.3647273045863,8.681588841142078e-4,297665.31586638774,10543.857797643212,14772.544861850289,147.7254486185029,3751.5448618502887,FALSE,E1,Ellerslie,53.416667,-113.55,10,Alberta,Black Chernozem,Orthic,Medium,17,39,NA,110.21,1983,NA,7,1,27,1983,2009,CT,NA,CONT_BAR,NA,NA,no,NA,est_equation,NA,NA,NA,NA,NA,Malhi et al. 2011b,NA,cpr,NA,CR1,E1_F25NS_CT_CR1,NA,Brown,Intensive Tillage,Canada,0,10,10,1,727006,727,727006,AB,AB_3,BAR,BAR,BARLEY,2181.304348,2305.652174,NA,NA,987.1304348,2305.652174,NA,NA,NA,987.1304348,NA,NA,25,NA,NA,NA,NA,NA,NA,NA,NA,NA,20,110.21,131.9,10,110.21,21.690000000000012,131.9
727006,1984,2368.555,0.1347320593163705,1.232844983494344,1966.9120983372065,1966.9120983372065,0.1070916195693301,15246.640503051638,3580.5462702492737,9.283038886897928e-4,285974.2701380245,10799.54092048222,16346.9992890687,163.46999289068702,1574.454427218412,FALSE,E1,Ellerslie,53.416667,-113.55,10,Alberta,Black Chernozem,Orthic,Medium,17,39,NA,110.21,1983,NA,7,1,27,1983,2009,CT,NA,CONT_BAR,NA,NA,no,NA,est_equation,NA,NA,NA,NA,NA,Malhi et al. 2011b,NA,cpr,NA,CR1,E1_F25NS_CT_CR1,NA,Brown,Intensive Tillage,Canada,0,10,10,1,727006,727,727006,AB,AB_3,BAR,BAR,BARLEY,3370.01,2368.555,NA,NA,1262.4843,2368.555,NA,NA,NA,1262.4843,NA,NA,25,NA,NA,NA,NA,NA,NA,NA,NA,NA,20,NA,131.9,10,110.21,21.690000000000012,NA
727006,1985,2302.37,0.11184105330847997,1.0233843542487122,2303.277657176005,2303.277657176005,0.08889673025052339,17853.998888593484,4849.409537405845,7.705848572954271e-4,334879.3001440999,11049.271875495888,18201.959070077737,182.01959070077737,1854.9597810090363,FALSE,E1,Ellerslie,53.416667,-113.55,10,Alberta,Black Chernozem,Orthic,Medium,17,39,NA,110.21,1983,NA,7,1,27,1983,2009,CT,NA,CONT_BAR,NA,NA,no,NA,est_equation,NA,NA,NA,NA,NA,Malhi et al. 2011b,NA,cpr,NA,CR1,E1_F25NS_CT_CR1,NA,Brown,Intensive Tillage,Canada,0,10,10,1,727006,727,727006,AB,AB_3,BAR,BAR,BARLEY,2970.73,2302.37,NA,NA,1160.082,2302.37,NA,NA,NA,1160.082,NA,NA,25,NA,NA,NA,NA,NA,NA,NA,NA,NA,20,NA,131.9,10,110.21,21.690000000000012,NA
727006,1986,3545.78,0.12946445976094692,1.1846446240556758,3064.3167013448638,3064.3167013448638,0.10290467423133623,23753.240001115915,6794.70205299834,8.920101277529243e-4,445528.67048795836,11436.831899358203,21295.850653701407,212.95850653701407,3093.89158362367,FALSE,E1,Ellerslie,53.416667,-113.55,10,Alberta,Black Chernozem,Orthic,Medium,17,39,NA,110.21,1983,NA,7,1,27,1983,2009,CT,NA,CONT_BAR,NA,NA,no,NA,est_equation,NA,NA,NA,NA,NA,Malhi et al. 2011b,NA,cpr,NA,CR1,E1_F25NS_CT_CR1,NA,Brown,Intensive Tillage,Canada,0,10,10,1,727006,727,727006,AB,AB_3,BAR,BAR,BARLEY,2658.25,3545.78,NA,NA,1364.8866,3545.78,NA,NA,NA,1364.8866,NA,NA,25,NA,NA,NA,NA,NA,NA,NA,NA,NA,20,NA,131.9,10,110.21,21.690000000000012,NA
727006,1987,2518.085,0.14354918201030875,1.3135247084034039,1962.646524043067,1962.646524043067,0.11409989921729517,15213.57564069364,7755.294680877522,9.890538640510273e-4,285354.08762121695,11707.75081956016,21425.692024480748,214.25692024480747,129.84137077934065,FALSE,E1,Ellerslie,53.416667,-113.55,10,Alberta,Black Chernozem,Orthic,Medium,17,39,NA,110.21,1983,NA,7,1,27,1983,2009,CT,NA,CONT_BAR,NA,NA,no,NA,est_equation,NA,NA,NA,NA,NA,Malhi et al. 2011b,NA,cpr,NA,CR1,E1_F25NS_CT_CR1,NA,Brown,Intensive Tillage,Canada,0,10,10,1,727006,727,727006,AB,AB_3,BAR,BAR,BARLEY,2949.235,2518.085,NA,NA,1202.8104,2518.085,NA,NA,NA,1202.8104,NA,NA,25,NA,NA,NA,NA,NA,NA,NA,NA,NA,20,NA,131.9,10,110.21,21.690000000000012,NA
727006,1988,3256.125,0.15351901599038292,1.404752140619401,2373.0741922043976,2373.0741922043976,0.1220244100811602,18395.03103682023,9053.602233130505,0.0010577460201737384,345027.19296543236,12060.318132936487,23486.99455827139,234.8699455827139,2061.302533790644,FALSE,E1,Ellerslie,53.416667,-113.55,10,Alberta,Black Chernozem,Orthic,Medium,17,39,NA,110.21,1983,NA,7,1,27,1983,2009,CT,NA,CONT_BAR,NA,NA,no,NA,est_equation,NA,NA,NA,NA,NA,Malhi et al. 2011b,NA,cpr,NA,CR1,E1_F25NS_CT_CR1,NA,Brown,Intensive Tillage,Canada,0,10,10,1,727006,727,727006,AB,AB_3,BAR,BAR,BARLEY,3203.775,3256.125,NA,NA,1421.178,3256.125,NA,NA,NA,1421.178,NA,NA,25,NA,NA,NA,NA,NA,NA,NA,NA,NA,20,NA,131.9,10,110.21,21.690000000000012,NA
727006,1989,3036.325,0.14634608287614972,1.3391173195404922,2321.344401625723,2321.344401625723,0.1163230125951917,17994.044373045082,10093.58139677837,0.0010083245110166716,337506.0693129643,12388.473060857541,24803.398859261637,248.03398859261637,1316.4043009902452,FALSE,E1,Ellerslie,53.416667,-113.55,10,Alberta,Black Chernozem,Orthic,Medium,17,39,NA,110.21,1983,NA,7,1,27,1983,2009,CT,NA,CONT_BAR,NA,NA,no,NA,est_equation,NA,NA,NA,NA,NA,Malhi et al. 2011b,NA,cpr,NA,CR1,E1_F25NS_CT_CR1,NA,Brown,Intensive Tillage,Canada,0,10,10,1,727006,727,727006,AB,AB_3,BAR,BAR,BARLEY,2982.425,3036.325,NA,NA,1324.125,3036.325,NA,NA,NA,1324.125,NA,NA,25,NA,NA,NA,NA,NA,NA,NA,NA,NA,20,NA,131.9,10,110.21,21.690000000000012,NA
727006,1990,3257.075,0.12508431707207585,1.1445648021605466,2913.3812637463607,2913.3812637463607,0.09942312294446318,22583.254642756183,11335.343715449395,8.618309446266026e-4,423583.78965587396,12742.853908984658,26991.57888818041,269.91578888180413,2188.180028918774,FALSE,E1,Ellerslie,53.416667,-113.55,10,Alberta,Black Chernozem,Orthic,Medium,17,39,NA,110.21,1983,NA,7,1,27,1983,2009,CT,NA,CONT_BAR,NA,NA,no,NA,est_equation,NA,NA,NA,NA,NA,Malhi et al. 2011b,NA,cpr,NA,CR1,E1_F25NS_CT_CR1,NA,Brown,Intensive Tillage,Canada,0,10,10,1,727006,727,727006,AB,AB_3,BAR,BAR,BARLEY,3636.7,3257.075,NA,NA,1516.6305,3257.075,NA,NA,NA,1516.6305,NA,NA,25,NA,NA,NA,NA,NA,NA,NA,NA,NA,20,NA,131.9,10,110.21,21.690000000000012,NA
727006,1991,2561.956522,0.15560381900332876,1.423828809892665,1842.1454980924543,1842.1454980924543,0.12368151331458685,14279.504502247211,11699.481977002013,0.0010721103129329352,267834.14202921937,13016.339909717708,26557.967384812175,265.57967384812173,-433.6115033682363,FALSE,E1,Ellerslie,53.416667,-113.55,10,Alberta,Black Chernozem,Orthic,Medium,17,39,NA,110.21,1983,NA,7,1,27,1983,2009,CT,NA,CONT_BAR,NA,NA,no,NA,est_equation,NA,NA,NA,NA,NA,Malhi et al. 2011b,NA,cpr,NA,CR1,E1_F25NS_CT_CR1,NA,Brown,Intensive Tillage,Canada,0,10,10,1,727006,727,727006,AB,AB_3,BAR,BAR,BARLEY,2829.673913,2561.956522,NA,NA,1186.158696,2561.956522,NA,NA,NA,1186.158696,NA,NA,25,NA,NA,NA,NA,NA,NA,NA,NA,NA,20,NA,131.9,10,110.21,21.690000000000012,NA
727006,1992,2787.325,0.12300486941903685,1.1255371362843172,2535.348891262603,2535.348891262603,0.09777027641258708,19652.913380099802,12477.091163711435,8.47503550297164e-4,368620.71738590277,13317.715882129987,28330.155937104028,283.3015593710403,1772.1885522918528,FALSE,E1,Ellerslie,53.416667,-113.55,10,Alberta,Black Chernozem,Orthic,Medium,17,39,NA,110.21,1983,NA,7,1,27,1983,2009,CT,NA,CONT_BAR,NA,NA,no,NA,est_equation,NA,NA,NA,NA,NA,Malhi et al. 2011b,NA,cpr,NA,CR1,E1_F25NS_CT_CR1,NA,Brown,Intensive Tillage,Canada,0,10,10,1,727006,727,727006,AB,AB_3,BAR,BAR,BARLEY,3034.4,2787.325,NA,NA,1280.7795,2787.325,NA,NA,NA,1280.7795,NA,NA,25,NA,NA,NA,NA,NA,NA,NA,NA,NA,20,NA,131.9,10,110.21,21.690000000000012,NA
727006,1993,3481.275,0.1438568026870664,1.3163395440860477,2707.57411384048,2707.57411384048,0.1143444111519761,20987.927820461828,13450.257769638212,9.911733705138875e-4,393660.97331177973,13694.701990548765,29852.533874027456,298.52533874027455,1522.377936923429,FALSE,E1,Ellerslie,53.416667,-113.55,10,Alberta,Black Chernozem,Orthic,Medium,17,39,NA,110.21,1983,NA,7,1,27,1983,2009,CT,NA,CONT_BAR,NA,NA,no,NA,est_equation,NA,NA,NA,NA,NA,Malhi et al. 2011b,NA,cpr,NA,CR1,E1_F25NS_CT_CR1,NA,Brown,Intensive Tillage,Canada,0,10,10,1,727006,727,727006,AB,AB_3,BAR,BAR,BARLEY,2525.65,3481.275,NA,NA,1321.5235,3481.275,NA,NA,NA,1321.5235,NA,NA,25,NA,NA,NA,NA,NA,NA,NA,NA,NA,20,NA,131.9,10,110.21,21.690000000000012,NA
727006,1994,2827.15,0.12430310911287488,1.1374164788998946,2544.7157953091255,2544.7157953091255,0.09880218071292766,19725.52151482257,14070.2675122112,8.56448421787708e-4,369982.59499620466,13999.844194215526,30614.82750173585,306.1482750173585,762.2936277083936,FALSE,E1,Ellerslie,53.416667,-113.55,10,Alberta,Black Chernozem,Orthic,Medium,17,39,NA,110.21,1983,NA,7,1,27,1983,2009,CT,NA,CONT_BAR,NA,NA,no,NA,est_equation,NA,NA,NA,NA,NA,Malhi et al. 2011b,NA,cpr,NA,CR1,E1_F25NS_CT_CR1,NA,Brown,Intensive Tillage,Canada,0,10,10,1,727006,727,727006,AB,AB_3,BAR,BAR,BARLEY,2575.275,2827.15,NA,NA,1188.5335,2827.15,NA,NA,NA,1188.5335,NA,NA,25,NA,NA,NA,NA,NA,NA,NA,NA,NA,20,NA,131.9,10,110.21,21.690000000000012,NA
727006,1995,3033.586957,0.11425993194893602,1.0455179311620248,2970.536635716378,2970.536635716378,0.0908193731052565,23026.29803548418,14883.648589846394,7.872509311281692e-4,431893.7521587284,14328.831562373378,32183.016787936147,321.83016787936145,1568.189286200297,FALSE,E1,Ellerslie,53.416667,-113.55,10,Alberta,Black Chernozem,Orthic,Medium,17,39,NA,110.21,1983,NA,7,1,27,1983,2009,CT,NA,CONT_BAR,NA,NA,no,NA,est_equation,NA,NA,NA,NA,NA,Malhi et al. 2011b,NA,cpr,NA,CR1,E1_F25NS_CT_CR1,NA,Brown,Intensive Tillage,Canada,0,10,10,1,727006,727,727006,AB,AB_3,BAR,BAR,BARLEY,2736.832631,3033.586957,NA,NA,1269.492309,3033.586957,NA,NA,NA,1269.492309,NA,NA,25,NA,NA,NA,NA,NA,NA,NA,NA,NA,20,126.4,131.9,10,110.21,21.690000000000012,148.09000000000003
727006,1996,3005.978261,0.13616616279552432,1.2459675267780845,2469.9551196373236,2469.9551196373236,0.10823151504032535,19146.009524074834,15344.970371406635,9.381848616611626e-4,359112.9533491056,14652.302805974829,32467.228297018788,324.6722829701879,284.211509082641,FALSE,E1,Ellerslie,53.416667,-113.55,10,Alberta,Black Chernozem,Orthic,Medium,17,39,NA,110.21,1983,NA,7,1,27,1983,2009,CT,NA,CONT_BAR,NA,NA,no,NA,est_equation,NA,NA,NA,NA,NA,Malhi et al. 2011b,NA,cpr,NA,CR1,E1_F25NS_CT_CR1,NA,Brown,Intensive Tillage,Canada,0,10,10,1,727006,727,727006,AB,AB_3,BAR,BAR,BARLEY,2867.68141,3005.978261,NA,NA,1292.205128,3005.978261,NA,NA,NA,1292.205128,NA,NA,25,NA,NA,NA,NA,NA,NA,NA,NA,NA,20,NA,131.9,10,110.21,21.690000000000012,NA
727006,1983,2305.652174,0.379914361620591,2.430837129792034,113.2761455418972,113.2761455418972,0.16371188426200445,1698.5845336816305,828.208066442135,0.002617609951565872,17474.94180033112,10313.170086875027,11254.654298859059,112.54654298859059,233.65429885905905,FALSE,E1,Ellerslie,53.416667,-113.55,10,Alberta,Black Chernozem,Orthic,Medium,17,39,NA,110.21,1983,NA,7,1,27,1983,2009,CT,NA,CONT_BAR,NA,NA,no,NA,est_equation,NA,NA,NA,NA,NA,Malhi et al. 2011b,NA,cpr,NA,CR1,E1_F25NS_CT_CR1,NA,Brown,Intensive Tillage,Canada,0,10,10,1,727006,727,727006,AB,AB_3,BAR,BAR,BARLEY,2181.304348,2305.652174,NA,NA,987.1304348,2305.652174,NA,NA,NA,987.1304348,NA,NA,25,NA,NA,NA,NA,NA,NA,NA,NA,NA,20,110.21,131.9,10,110.21,21.690000000000012,131.9
727006,1984,2368.555,0.40893634711220406,2.6165308730144936,108.10807730182749,108.10807730182749,0.17621797618648255,1621.0889520691123,967.9279314642669,0.0028175714316030862,16677.67163119428,10331.102524602695,11407.138533368789,114.07138533368789,152.4842345097295,FALSE,E1,Ellerslie,53.416667,-113.55,10,Alberta,Black Chernozem,Orthic,Medium,17,39,NA,110.21,1983,NA,7,1,27,1983,2009,CT,NA,CONT_BAR,NA,NA,no,NA,est_equation,NA,NA,NA,NA,NA,Malhi et al. 2011b,NA,cpr,NA,CR1,E1_F25NS_CT_CR1,NA,Brown,Intensive Tillage,Canada,0,10,10,1,727006,727,727006,AB,AB_3,BAR,BAR,BARLEY,3370.01,2368.555,NA,NA,1262.4843,2368.555,NA,NA,NA,1262.4843,NA,NA,25,NA,NA,NA,NA,NA,NA,NA,NA,NA,20,NA,131.9,10,110.21,21.690000000000012,NA
727006,1985,2302.37,0.35520275517726974,2.272722837342034,120.98434423543272,120.98434423543272,0.15306321165926293,1814.1695672361295,1097.4563940752964,0.0024473469831713885,18664.074100962775,10351.496197450953,11569.936935761682,115.69936935761682,162.79840239289297,FALSE,E1,Ellerslie,53.416667,-113.55,10,Alberta,Black Chernozem,Orthic,Medium,17,39,NA,110.21,1983,NA,7,1,27,1983,2009,CT,NA,CONT_BAR,NA,NA,no,NA,est_equation,NA,NA,NA,NA,NA,Malhi et al. 2011b,NA,cpr,NA,CR1,E1_F25NS_CT_CR1,NA,Brown,Intensive Tillage,Canada,0,10,10,1,727006,727,727006,AB,AB_3,BAR,BAR,BARLEY,2970.73,2302.37,NA,NA,1160.082,2302.37,NA,NA,NA,1160.082,NA,NA,25,NA,NA,NA,NA,NA,NA,NA,NA,NA,20,NA,131.9,10,110.21,21.690000000000012,NA
727006,1986,3545.78,0.43324601325531226,2.7720733979704995,152.75927689196246,152.75927689196246,0.1866934455346063,2290.6371316201426,1320.2154171130665,0.0029850650313291015,23565.945507568173,10390.942187994855,11863.916881999883,118.63916881999883,293.9799462382016,FALSE,E1,Ellerslie,53.416667,-113.55,10,Alberta,Black Chernozem,Orthic,Medium,17,39,NA,110.21,1983,NA,7,1,27,1983,2009,CT,NA,CONT_BAR,NA,NA,no,NA,est_equation,NA,NA,NA,NA,NA,Malhi et al. 2011b,NA,cpr,NA,CR1,E1_F25NS_CT_CR1,NA,Brown,Intensive Tillage,Canada,0,10,10,1,727006,727,727006,AB,AB_3,BAR,BAR,BARLEY,2658.25,3545.78,NA,NA,1364.8866,3545.78,NA,NA,NA,1364.8866,NA,NA,25,NA,NA,NA,NA,NA,NA,NA,NA,NA,20,NA,131.9,10,110.21,21.690000000000012,NA
727006,1987,2518.085,0.4423779346541845,2.8305029174759766,106.24470920382291,106.24470920382291,0.19062855357517813,1593.1476038118512,1372.2440850875662,0.0030479839697673313,16390.212617564797,10409.227868094484,11887.716662385872,118.87716662385873,23.799780385988925,FALSE,E1,Ellerslie,53.416667,-113.55,10,Alberta,Black Chernozem,Orthic,Medium,17,39,NA,110.21,1983,NA,7,1,27,1983,2009,CT,NA,CONT_BAR,NA,NA,no,NA,est_equation,NA,NA,NA,NA,NA,Malhi et al. 2011b,NA,cpr,NA,CR1,E1_F25NS_CT_CR1,NA,Brown,Intensive Tillage,Canada,0,10,10,1,727006,727,727006,AB,AB_3,BAR,BAR,BARLEY,2949.235,2518.085,NA,NA,1202.8104,2518.085,NA,NA,NA,1202.8104,NA,NA,25,NA,NA,NA,NA,NA,NA,NA,NA,NA,20,NA,131.9,10,110.21,21.690000000000012,NA
727006,1988,3256.125,0.44405420579092003,2.84122834017754,136.8659650068501,136.8659650068501,0.19135088874871137,2052.3156948526353,1502.3763920288789,0.0030595334778994393,21114.108018940668,10441.979807292899,12081.222164328628,120.81222164328629,193.50550194275638,FALSE,E1,Ellerslie,53.416667,-113.55,10,Alberta,Black Chernozem,Orthic,Medium,17,39,NA,110.21,1983,NA,7,1,27,1983,2009,CT,NA,CONT_BAR,NA,NA,no,NA,est_equation,NA,NA,NA,NA,NA,Malhi et al. 2011b,NA,cpr,NA,CR1,E1_F25NS_CT_CR1,NA,Brown,Intensive Tillage,Canada,0,10,10,1,727006,727,727006,AB,AB_3,BAR,BAR,BARLEY,3203.775,3256.125,NA,NA,1421.178,3256.125,NA,NA,NA,1421.178,NA,NA,25,NA,NA,NA,NA,NA,NA,NA,NA,NA,20,NA,131.9,10,110.21,21.690000000000012,NA
727006,1989,3036.325,0.4196356316780544,2.6849889804520157,135.05363593687326,135.05363593687326,0.18082848901115964,2025.1396807547176,1596.9068876396768,0.002891289502261795,20834.522719940705,10472.027657518043,12203.988181094594,122.03988181094594,122.7660167659651,FALSE,E1,Ellerslie,53.416667,-113.55,10,Alberta,Black Chernozem,Orthic,Medium,17,39,NA,110.21,1983,NA,7,1,27,1983,2009,CT,NA,CONT_BAR,NA,NA,no,NA,est_equation,NA,NA,NA,NA,NA,Malhi et al. 2011b,NA,cpr,NA,CR1,E1_F25NS_CT_CR1,NA,Brown,Intensive Tillage,Canada,0,10,10,1,727006,727,727006,AB,AB_3,BAR,BAR,BARLEY,2982.425,3036.325,NA,NA,1324.125,3036.325,NA,NA,NA,1324.125,NA,NA,25,NA,NA,NA,NA,NA,NA,NA,NA,NA,20,NA,131.9,10,110.21,21.690000000000012,NA
727006,1990,3257.075,0.3537566886529204,2.2634703516382997,171.85156122403538,171.85156122403538,0.15244007576500618,2576.927406805366,1746.301289832555,0.002437383584818622,26511.283698078423,10511.121476904009,12429.2743279606,124.292743279606,225.28614686600667,FALSE,E1,Ellerslie,53.416667,-113.55,10,Alberta,Black Chernozem,Orthic,Medium,17,39,NA,110.21,1983,NA,7,1,27,1983,2009,CT,NA,CONT_BAR,NA,NA,no,NA,est_equation,NA,NA,NA,NA,NA,Malhi et al. 2011b,NA,cpr,NA,CR1,E1_F25NS_CT_CR1,NA,Brown,Intensive Tillage,Canada,0,10,10,1,727006,727,727006,AB,AB_3,BAR,BAR,BARLEY,3636.7,3257.075,NA,NA,1516.6305,3257.075,NA,NA,NA,1516.6305,NA,NA,25,NA,NA,NA,NA,NA,NA,NA,NA,NA,20,NA,131.9,10,110.21,21.690000000000012,NA
727006,1991,2561.956522,0.440824638425556,2.8205643351859844,108.47665334266807,108.47665334266807,0.18995921048606426,1626.6157782112139,1723.5659245383445,0.0030372817587520813,16734.531306564353,10530.023726056874,12362.066303937887,123.62066303937887,-67.20802402271329,FALSE,E1,Ellerslie,53.416667,-113.55,10,Alberta,Black Chernozem,Orthic,Medium,17,39,NA,110.21,1983,NA,7,1,27,1983,2009,CT,NA,CONT_BAR,NA,NA,no,NA,est_equation,NA,NA,NA,NA,NA,Malhi et al. 2011b,NA,cpr,NA,CR1,E1_F25NS_CT_CR1,NA,Brown,Intensive Tillage,Canada,0,10,10,1,727006,727,727006,AB,AB_3,BAR,BAR,BARLEY,2829.673913,2561.956522,NA,NA,1186.158696,2561.956522,NA,NA,NA,1186.158696,NA,NA,25,NA,NA,NA,NA,NA,NA,NA,NA,NA,20,NA,131.9,10,110.21,21.690000000000012,NA
727006,1992,2787.325,0.38932279131815845,2.4910358549582203,133.6312911168191,133.6312911168191,0.1677661446673365,2003.8115105442248,1770.5816460625895,0.0026824340321821116,20615.099708753813,10557.076277090002,12461.28921426941,124.61289214269411,99.22291033152396,FALSE,E1,Ellerslie,53.416667,-113.55,10,Alberta,Black Chernozem,Orthic,Medium,17,39,NA,110.21,1983,NA,7,1,27,1983,2009,CT,NA,CONT_BAR,NA,NA,no,NA,est_equation,NA,NA,NA,NA,NA,Malhi et al. 2011b,NA,cpr,NA,CR1,E1_F25NS_CT_CR1,NA,Brown,Intensive Tillage,Canada,0,10,10,1,727006,727,727006,AB,AB_3,BAR,BAR,BARLEY,3034.4,2787.325,NA,NA,1280.7795,2787.325,NA,NA,NA,1280.7795,NA,NA,25,NA,NA,NA,NA,NA,NA,NA,NA,NA,20,NA,131.9,10,110.21,21.690000000000012,NA
727006,1993,3481.275,0.45925824362182815,2.938509578834802,141.4854412668648,141.4854412668648,0.19790258021694423,2121.5850974389737,1840.0461347550286,0.0031642892985543963,21826.74772260987,10592.736777843285,12574.268353865178,125.74268353865179,112.97913959576726,FALSE,E1,Ellerslie,53.416667,-113.55,10,Alberta,Black Chernozem,Orthic,Medium,17,39,NA,110.21,1983,NA,7,1,27,1983,2009,CT,NA,CONT_BAR,NA,NA,no,NA,est_equation,NA,NA,NA,NA,NA,Malhi et al. 2011b,NA,cpr,NA,CR1,E1_F25NS_CT_CR1,NA,Brown,Intensive Tillage,Canada,0,10,10,1,727006,727,727006,AB,AB_3,BAR,BAR,BARLEY,2525.65,3481.275,NA,NA,1321.5235,3481.275,NA,NA,NA,1321.5235,NA,NA,25,NA,NA,NA,NA,NA,NA,NA,NA,NA,20,NA,131.9,10,110.21,21.690000000000012,NA
727006,1994,2827.15,0.34268643790398473,2.192638660933501,153.9863827151886,153.9863827151886,0.1476697069860258,2309.037678024255,1909.3019785285192,0.002361109557158455,23755.24929029437,10623.814911932652,12687.103273176359,126.87103273176359,112.83491931118078,FALSE,E1,Ellerslie,53.416667,-113.55,10,Alberta,Black Chernozem,Orthic,Medium,17,39,NA,110.21,1983,NA,7,1,27,1983,2009,CT,NA,CONT_BAR,NA,NA,no,NA,est_equation,NA,NA,NA,NA,NA,Malhi et al. 2011b,NA,cpr,NA,CR1,E1_F25NS_CT_CR1,NA,Brown,Intensive Tillage,Canada,0,10,10,1,727006,727,727006,AB,AB_3,BAR,BAR,BARLEY,2575.275,2827.15,NA,NA,1188.5335,2827.15,NA,NA,NA,1188.5335,NA,NA,25,NA,NA,NA,NA,NA,NA,NA,NA,NA,20,NA,131.9,10,110.21,21.690000000000012,NA
727006,1995,3033.586957,0.3353310255039472,2.1455759242402244,168.85467692116492,168.85467692116492,0.14450012840416418,2531.988895685157,1999.2803180132464,0.0023104307657221966,26048.958832375636,10659.453639012136,12827.588633946547,128.27588633946547,140.48536077018798,FALSE,E1,Ellerslie,53.416667,-113.55,10,Alberta,Black Chernozem,Orthic,Medium,17,39,NA,110.21,1983,NA,7,1,27,1983,2009,CT,NA,CONT_BAR,NA,NA,no,NA,est_equation,NA,NA,NA,NA,NA,Malhi et al. 2011b,NA,cpr,NA,CR1,E1_F25NS_CT_CR1,NA,Brown,Intensive Tillage,Canada,0,10,10,1,727006,727,727006,AB,AB_3,BAR,BAR,BARLEY,2736.832631,3033.586957,NA,NA,1269.492309,3033.586957,NA,NA,NA,1269.492309,NA,NA,25,NA,NA,NA,NA,NA,NA,NA,NA,NA,20,126.4,131.9,10,110.21,21.690000000000012,148.09000000000003
727006,1996,3005.978261,0.4141746628259437,2.6500476168412193,135.46674353570666,135.46674353570666,0.17847525999169972,2031.334261041396,2005.0011538289546,0.002853663426870752,20898.25221225662,10688.6717240357,12829.139621400362,128.2913962140036,1.5509874538147415,FALSE,E1,Ellerslie,53.416667,-113.55,10,Alberta,Black Chernozem,Orthic,Medium,17,39,NA,110.21,1983,NA,7,1,27,1983,2009,CT,NA,CONT_BAR,NA,NA,no,NA,est_equation,NA,NA,NA,NA,NA,Malhi et al. 2011b,NA,cpr,NA,CR1,E1_F25NS_CT_CR1,NA,Brown,Intensive Tillage,Canada,0,10,10,1,727006,727,727006,AB,AB_3,BAR,BAR,BARLEY,2867.68141,3005.978261,NA,NA,1292.205128,3005.978261,NA,NA,NA,1292.205128,NA,NA,25,NA,NA,NA,NA,NA,NA,NA,NA,NA,20,NA,131.9,10,110.21,21.690000000000012,NA
727006,1983,2305.652174,0.22288028154634895,2.4137048167030013,329.9541247712957,329.9541247712957,0.14381653483062365,4212.106720152862,1168.9878039583973,0.0015356451398543444,117718.25394994796,10459.33912046723,11958.281049196923,119.58281049196923,937.281049196923,FALSE,E1,Ellerslie,53.416667,-113.55,10,Alberta,Black Chernozem,Orthic,Medium,17,39,NA,110.21,1983,NA,7,1,27,1983,2009,CT,NA,CONT_BAR,NA,NA,no,NA,est_equation,NA,NA,NA,NA,NA,Malhi et al. 2011b,NA,cpr,NA,CR1,E1_F25NS_CT_CR1,NA,Brown,Intensive Tillage,Canada,0,10,10,1,727006,727,727006,AB,AB_3,BAR,BAR,BARLEY,2181.304348,2305.652174,NA,NA,987.1304348,2305.652174,NA,NA,NA,987.1304348,NA,NA,25,NA,NA,NA,NA,NA,NA,NA,NA,NA,20,110.21,131.9,10,110.21,21.690000000000012,131.9
727006,1984,2368.555,0.23812975774949421,2.5788505797483303,317.2497015246465,317.2497015246465,0.15365646687980464,4049.925427314143,1611.6625004643424,0.0016407140308940151,113185.67681343458,10627.883664062438,12556.795866051427,125.56795866051426,598.5148168545038,FALSE,E1,Ellerslie,53.416667,-113.55,10,Alberta,Black Chernozem,Orthic,Medium,17,39,NA,110.21,1983,NA,7,1,27,1983,2009,CT,NA,CONT_BAR,NA,NA,no,NA,est_equation,NA,NA,NA,NA,NA,Malhi et al. 2011b,NA,cpr,NA,CR1,E1_F25NS_CT_CR1,NA,Brown,Intensive Tillage,Canada,0,10,10,1,727006,727,727006,AB,AB_3,BAR,BAR,BARLEY,3370.01,2368.555,NA,NA,1262.4843,2368.555,NA,NA,NA,1262.4843,NA,NA,25,NA,NA,NA,NA,NA,NA,NA,NA,NA,20,NA,131.9,10,110.21,21.690000000000012,NA
727006,1985,2302.37,0.20447992570948673,2.2144362802297666,359.13344993533207,359.13344993533207,0.13194345481767658,4584.602235091962,2003.922440015857,0.0014088666881383635,128128.6078502941,10793.426520200554,13156.482410151742,131.56482410151742,599.6865441003156,FALSE,E1,Ellerslie,53.416667,-113.55,10,Alberta,Black Chernozem,Orthic,Medium,17,39,NA,110.21,1983,NA,7,1,27,1983,2009,CT,NA,CONT_BAR,NA,NA,no,NA,est_equation,NA,NA,NA,NA,NA,Malhi et al. 2011b,NA,cpr,NA,CR1,E1_F25NS_CT_CR1,NA,Brown,Intensive Tillage,Canada,0,10,10,1,727006,727,727006,AB,AB_3,BAR,BAR,BARLEY,2970.73,2302.37,NA,NA,1160.082,2302.37,NA,NA,NA,1160.082,NA,NA,25,NA,NA,NA,NA,NA,NA,NA,NA,NA,20,NA,131.9,10,110.21,21.690000000000012,NA
727006,1986,3545.78,0.24581978535682855,2.662130520654821,460.07260009380093,460.07260009380093,0.1586185618465084,5873.1646163130035,2617.656069455965,0.0016936983211085488,164140.82779172598,11053.150756280495,14130.87942583026,141.3087942583026,974.3970156785181,FALSE,E1,Ellerslie,53.416667,-113.55,10,Alberta,Black Chernozem,Orthic,Medium,17,39,NA,110.21,1983,NA,7,1,27,1983,2009,CT,NA,CONT_BAR,NA,NA,no,NA,est_equation,NA,NA,NA,NA,NA,Malhi et al. 2011b,NA,cpr,NA,CR1,E1_F25NS_CT_CR1,NA,Brown,Intensive Tillage,Canada,0,10,10,1,727006,727,727006,AB,AB_3,BAR,BAR,BARLEY,2658.25,3545.78,NA,NA,1364.8866,3545.78,NA,NA,NA,1364.8866,NA,NA,25,NA,NA,NA,NA,NA,NA,NA,NA,NA,20,NA,131.9,10,110.21,21.690000000000012,NA
727006,1987,2518.085,0.2584179114061232,2.798563215892109,310.79869910594954,310.79869910594954,0.16674767412687044,3967.5736438401514,2842.7516852475146,0.001780499409588189,110884.14249716476,11230.899778133742,14384.450162487206,143.84450162487207,253.57073665694588,FALSE,E1,Ellerslie,53.416667,-113.55,10,Alberta,Black Chernozem,Orthic,Medium,17,39,NA,110.21,1983,NA,7,1,27,1983,2009,CT,NA,CONT_BAR,NA,NA,no,NA,est_equation,NA,NA,NA,NA,NA,Malhi et al. 2011b,NA,cpr,NA,CR1,E1_F25NS_CT_CR1,NA,Brown,Intensive Tillage,Canada,0,10,10,1,727006,727,727006,AB,AB_3,BAR,BAR,BARLEY,2949.235,2518.085,NA,NA,1202.8104,2518.085,NA,NA,NA,1202.8104,NA,NA,25,NA,NA,NA,NA,NA,NA,NA,NA,NA,20,NA,131.9,10,110.21,21.690000000000012,NA
727006,1988,3256.125,0.26564831234726094,2.87686558278269,390.9537885125533,390.9537885125533,0.1714131887321823,4990.812225803716,3210.9575920940283,0.0018303168720726279,139481.2002750836,11465.638466981694,15067.549847588276,150.67549847588276,683.0996851010696,FALSE,E1,Ellerslie,53.416667,-113.55,10,Alberta,Black Chernozem,Orthic,Medium,17,39,NA,110.21,1983,NA,7,1,27,1983,2009,CT,NA,CONT_BAR,NA,NA,no,NA,est_equation,NA,NA,NA,NA,NA,Malhi et al. 2011b,NA,cpr,NA,CR1,E1_F25NS_CT_CR1,NA,Brown,Intensive Tillage,Canada,0,10,10,1,727006,727,727006,AB,AB_3,BAR,BAR,BARLEY,3203.775,3256.125,NA,NA,1421.178,3256.125,NA,NA,NA,1421.178,NA,NA,25,NA,NA,NA,NA,NA,NA,NA,NA,NA,20,NA,131.9,10,110.21,21.690000000000012,NA
727006,1989,3036.325,0.25087331797875806,2.716858269320108,386.0336828866308,386.0336828866308,0.16187942254399582,4928.003464176096,3488.911986348225,0.0017285171608736431,137725.84642419787,11683.881403171217,15558.827072406073,155.58827072406072,491.2772248177971,FALSE,E1,Ellerslie,53.416667,-113.55,10,Alberta,Black Chernozem,Orthic,Medium,17,39,NA,110.21,1983,NA,7,1,27,1983,2009,CT,NA,CONT_BAR,NA,NA,no,NA,est_equation,NA,NA,NA,NA,NA,Malhi et al. 2011b,NA,cpr,NA,CR1,E1_F25NS_CT_CR1,NA,Brown,Intensive Tillage,Canada,0,10,10,1,727006,727,727006,AB,AB_3,BAR,BAR,BARLEY,2982.425,3036.325,NA,NA,1324.125,3036.325,NA,NA,NA,1324.125,NA,NA,25,NA,NA,NA,NA,NA,NA,NA,NA,NA,20,NA,131.9,10,110.21,21.690000000000012,NA
727006,1990,3257.075,0.212525758556936,2.301569450394203,488.81846461497423,488.81846461497423,0.13713513795769422,6240.126687813591,3866.2001939849147,0.0014643024764572892,174396.5352542704,11922.14194515632,16277.160603756209,162.7716060375621,718.3335313501357,FALSE,E1,Ellerslie,53.416667,-113.55,10,Alberta,Black Chernozem,Orthic,Medium,17,39,NA,110.21,1983,NA,7,1,27,1983,2009,CT,NA,CONT_BAR,NA,NA,no,NA,est_equation,NA,NA,NA,NA,NA,Malhi et al. 2011b,NA,cpr,NA,CR1,E1_F25NS_CT_CR1,NA,Brown,Intensive Tillage,Canada,0,10,10,1,727006,727,727006,AB,AB_3,BAR,BAR,BARLEY,3636.7,3257.075,NA,NA,1516.6305,3257.075,NA,NA,NA,1516.6305,NA,NA,25,NA,NA,NA,NA,NA,NA,NA,NA,NA,20,NA,131.9,10,110.21,21.690000000000012,NA
727006,1991,2561.956522,0.26288982784590365,2.846992292595096,310.83462584519634,310.83462584519634,0.16963323906765046,3968.0322750511405,3883.474299737178,0.0018113109138582762,110896.96013663869,12101.41611354369,16295.725039126064,162.95725039126066,18.564435369855346,FALSE,E1,Ellerslie,53.416667,-113.55,10,Alberta,Black Chernozem,Orthic,Medium,17,39,NA,110.21,1983,NA,7,1,27,1983,2009,CT,NA,CONT_BAR,NA,NA,no,NA,est_equation,NA,NA,NA,NA,NA,Malhi et al. 2011b,NA,cpr,NA,CR1,E1_F25NS_CT_CR1,NA,Brown,Intensive Tillage,Canada,0,10,10,1,727006,727,727006,AB,AB_3,BAR,BAR,BARLEY,2829.673913,2561.956522,NA,NA,1186.158696,2561.956522,NA,NA,NA,1186.158696,NA,NA,25,NA,NA,NA,NA,NA,NA,NA,NA,NA,20,NA,131.9,10,110.21,21.690000000000012,NA
727006,1992,2787.325,0.22483997258093,2.434927491300325,395.408048278962,395.408048278962,0.14508105213999126,5047.674122918658,4052.377634985539,0.0015491474110826077,141070.35356330077,12301.208009104055,16748.993692368556,167.48993692368558,453.2686532424923,FALSE,E1,Ellerslie,53.416667,-113.55,10,Alberta,Black Chernozem,Orthic,Medium,17,39,NA,110.21,1983,NA,7,1,27,1983,2009,CT,NA,CONT_BAR,NA,NA,no,NA,est_equation,NA,NA,NA,NA,NA,Malhi et al. 2011b,NA,cpr,NA,CR1,E1_F25NS_CT_CR1,NA,Brown,Intensive Tillage,Canada,0,10,10,1,727006,727,727006,AB,AB_3,BAR,BAR,BARLEY,3034.4,2787.325,NA,NA,1280.7795,2787.325,NA,NA,NA,1280.7795,NA,NA,25,NA,NA,NA,NA,NA,NA,NA,NA,NA,20,NA,131.9,10,110.21,21.690000000000012,NA
727006,1993,3481.275,0.2657249317526926,2.8776953404743986,417.8663942102327,417.8663942102327,0.17146262844624544,5334.371402081912,4272.191655943587,0.001830844779776052,149082.85309324483,12551.633969975535,17241.692020129354,172.41692020129355,492.69832776079784,FALSE,E1,Ellerslie,53.416667,-113.55,10,Alberta,Black Chernozem,Orthic,Medium,17,39,NA,110.21,1983,NA,7,1,27,1983,2009,CT,NA,CONT_BAR,NA,NA,no,NA,est_equation,NA,NA,NA,NA,NA,Malhi et al. 2011b,NA,cpr,NA,CR1,E1_F25NS_CT_CR1,NA,Brown,Intensive Tillage,Canada,0,10,10,1,727006,727,727006,AB,AB_3,BAR,BAR,BARLEY,2525.65,3481.275,NA,NA,1321.5235,3481.275,NA,NA,NA,1321.5235,NA,NA,25,NA,NA,NA,NA,NA,NA,NA,NA,NA,20,NA,131.9,10,110.21,21.690000000000012,NA
727006,1994,2827.15,0.2089599775048401,2.262953459598434,431.53612456512633,431.53612456512633,0.13483426920735356,5508.875549076391,4438.939024914654,0.0014397342450083485,153959.82437057028,12755.224184219933,17625.69933369971,176.2569933369971,384.0073135703569,FALSE,E1,Ellerslie,53.416667,-113.55,10,Alberta,Black Chernozem,Orthic,Medium,17,39,NA,110.21,1983,NA,7,1,27,1983,2009,CT,NA,CONT_BAR,NA,NA,no,NA,est_equation,NA,NA,NA,NA,NA,Malhi et al. 2011b,NA,cpr,NA,CR1,E1_F25NS_CT_CR1,NA,Brown,Intensive Tillage,Canada,0,10,10,1,727006,727,727006,AB,AB_3,BAR,BAR,BARLEY,2575.275,2827.15,NA,NA,1188.5335,2827.15,NA,NA,NA,1188.5335,NA,NA,25,NA,NA,NA,NA,NA,NA,NA,NA,NA,20,NA,131.9,10,110.21,21.690000000000012,NA
727006,1995,3033.586957,0.19918256669444726,2.1570679886891493,485.7765457571866,485.7765457571866,0.1285252618218179,6201.29435961667,4665.446205730308,0.0013723678845247416,173311.26506149926,12975.566138386352,18126.788889873846,181.26788889873845,501.0895561741345,FALSE,E1,Ellerslie,53.416667,-113.55,10,Alberta,Black Chernozem,Orthic,Medium,17,39,NA,110.21,1983,NA,7,1,27,1983,2009,CT,NA,CONT_BAR,NA,NA,no,NA,est_equation,NA,NA,NA,NA,NA,Malhi et al. 2011b,NA,cpr,NA,CR1,E1_F25NS_CT_CR1,NA,Brown,Intensive Tillage,Canada,0,10,10,1,727006,727,727006,AB,AB_3,BAR,BAR,BARLEY,2736.832631,3033.586957,NA,NA,1269.492309,3033.586957,NA,NA,NA,1269.492309,NA,NA,25,NA,NA,NA,NA,NA,NA,NA,NA,NA,20,126.4,131.9,10,110.21,21.690000000000012,148.09000000000003
727006,1996,3005.978261,0.24302425185688226,2.631856004545724,394.5187415042367,394.5187415042367,0.15681470581143966,5036.321468834718,4723.604901006766,0.0016744370952939188,140753.0741814501,13189.521537797875,18307.64518030888,183.0764518030888,180.85629043503286,FALSE,E1,Ellerslie,53.416667,-113.55,10,Alberta,Black Chernozem,Orthic,Medium,17,39,NA,110.21,1983,NA,7,1,27,1983,2009,CT,NA,CONT_BAR,NA,NA,no,NA,est_equation,NA,NA,NA,NA,NA,Malhi et al. 2011b,NA,cpr,NA,CR1,E1_F25NS_CT_CR1,NA,Brown,Intensive Tillage,Canada,0,10,10,1,727006,727,727006,AB,AB_3,BAR,BAR,BARLEY,2867.68141,3005.978261,NA,NA,1292.205128,3005.978261,NA,NA,NA,1292.205128,NA,NA,25,NA,NA,NA,NA,NA,NA,NA,NA,NA,20,NA,131.9,10,110.21,21.690000000000012,NA
