site,year,cinput_total,dfac,kA,SS_active,soc_active,kS,SS_slow,soc_slow,kP,SS_passive,soc_passive,soc_total,soc_delta,stringsAsFactors,Exp_ID,location_name,experiment_name,team_name,latitude,longitude,ecozone,province,soil_texture,sand_px,clay_px,silt_px,initial_soc_tha,initial_soc_year,plot_id,block,treatment_number,treatment_name,replication_number,tillage,STIR_rating,grain_yield_kgha,hay_yield_kgha,total_yield,crop,perennial,ICASA_code,AAFC_code,crop_rotation,rotation_seq,crop_seq,straw_biomass_kgha,straw_returned,silage_yld_kgha,root_biomass_kgha,biomass_returned_kgha,soc_tha_30cm,soc_tha,bd_gcm3,soil_depth_min_cm,soil_depth_max_cm,N_fertilizer_kgha,N_fertilizer_kgha_2,N_fertilizer_kgha_3,P_fertilizer_kgha,P_fertilizer_kgha_2,P_fertilizer_kgha_3,K_fertilizer_kgha,K_fertilizer_kgha_2,S_fertilizer_kgha,S_fertilizer_kgha_2,manure_kgha,residue_estimation_methodology,soil_total_carbon_conc_gkg,soil_total_carbon_px,soil_total_carbon2_px,soil_organic_matter_kgha,organic_matter_px,r_c,tillage_soil,tillage_type,irrigation_region,irrigation,crop_residue_avg_kgha,crop_residue_kgha,hay_residue_kgha,above_ground_residue_kgha,roots_residue_kgha,root_exudates_kgha,cinput_lignin_px,cinput_n_px,reference,flag,Location,POLYID,ECO_ID,...93,SL,PROVINCE,PCPTREGION
570007,2004,5231.624,0.4597104028000908,4.7508973849952625,723.8766070662053,723.8766070662053,0.2916972836263248,7348.7964624855495,2178.6247993124043,0.0031674046752926256,126942.59705037404,1232.3194304028161,4134.820836781426,3247.820836781426,FALSE,2,Harrow,Experiment 1,A,42.166667,-82.666667,8,Ontario,Medium,28,37,35,88.7,2004,NA,NA,F3,1 IP,1,CT,NA,5655.11786,NA,5655.11786,CRN,FALSE,MAZ,CORNGR,CRN-SBN,NA,NA,5231.624,NA,NA,NA,NA,88.7,88.7,NA,0,30,0,NA,NA,50,NA,NA,0,NA,NA,NA,0,est_equation,NA,10,NA,NA,NA,NA,Brown,Intensive Tillage,Canada,0,6662.676333,5231.624,NA,NA,NA,NA,10,10,Angers. et al. 1997,reference uncertain,2,570007,570,NA,570007,ON,ON_1
570007,2005,3469.935,0.45496847049782174,4.7018916769724415,485.12358477837256,485.12358477837256,0.2886884137741598,4924.975401728314,2971.4643983915616,0.003134732761729992,85073.68126142745,1495.1396941225876,4951.727677292522,816.9068405110957,FALSE,2,Harrow,Experiment 1,A,42.166667,-82.666667,8,Ontario,Medium,28,37,35,88.7,2004,NA,NA,F3,1 IP,1,CT,NA,2886.346667,NA,2886.346667,SBN,FALSE,SBN,SOYBNS,CRN-SBN,NA,NA,3469.935,NA,NA,NA,NA,NA,NA,NA,0,30,0,NA,NA,50,NA,NA,0,NA,NA,NA,0,est_equation,NA,10,NA,NA,NA,NA,Brown,Intensive Tillage,Canada,0,3664.4775,3469.935,NA,NA,NA,NA,10,10,Angers. et al. 1997,reference uncertain,2,570007,570,NA,570007,ON,ON_1
570007,2006,6658.393217,0.4963789342616879,5.129849936800522,853.2345777669873,853.2345777669873,0.31496434688346325,8662.03878610891,4763.79244381072,0.0034200508570630295,149627.4532670657,2001.759740116461,7618.7867616941685,2667.059084401647,FALSE,2,Harrow,Experiment 1,A,42.166667,-82.666667,8,Ontario,Medium,28,37,35,88.7,2004,NA,NA,F3,1 IP,1,CT,NA,7371.930933,NA,7371.930933,CRN,FALSE,MAZ,CORNGR,CRN-SBN,NA,NA,6658.393217,NA,NA,NA,NA,NA,NA,NA,0,30,0,NA,NA,50,NA,NA,0,NA,NA,NA,0,est_equation,NA,10,NA,NA,NA,NA,Brown,Intensive Tillage,Canada,0,7091.506425,6658.393217,NA,NA,NA,NA,10,10,Angers. et al. 1997,reference uncertain,2,570007,570,NA,570007,ON,ON_1
570007,2007,3508.8575,0.4754242111028531,4.913292428307725,469.4580461254591,469.4580461254591,0.30166807212582675,4765.93882848962,4764.439939538845,0.003275672814498658,82326.49459814579,2264.8772904227203,7498.775276087024,-120.0114856071441,FALSE,2,Harrow,Experiment 1,A,42.166667,-82.666667,8,Ontario,Medium,28,37,35,88.7,2004,NA,NA,F3,1 IP,1,CT,NA,3229.889832,NA,3229.889832,SBN,FALSE,SBN,SOYBNS,CRN-SBN,NA,NA,3508.8575,NA,NA,NA,NA,NA,NA,NA,0,30,0,NA,NA,50,NA,NA,0,NA,NA,NA,0,est_equation,NA,10,NA,NA,NA,NA,Brown,Intensive Tillage,Canada,0,3565.412917,3508.8575,NA,NA,NA,NA,10,10,Angers. et al. 1997,reference uncertain,2,570007,570,NA,570007,ON,ON_1
570007,2008,6263.981599,0.44771845426398493,4.62696606520314,889.9340582705975,889.9340582705975,0.28408810447340077,9034.61197036063,5977.545017550337,0.0030847801498788564,156063.25644132373,2739.311477510962,9606.790553331897,2108.015277244873,FALSE,2,Harrow,Experiment 1,A,42.166667,-82.666667,8,Ontario,Medium,28,37,35,88.7,2004,NA,NA,F3,1 IP,1,CT,NA,6118.472034,NA,6118.472034,CRN,FALSE,MAZ,CORNGR,CRN-SBN,NA,NA,6263.981599,NA,NA,NA,NA,NA,NA,NA,0,30,0,NA,NA,50,NA,NA,0,NA,NA,NA,0,est_equation,NA,10,NA,NA,NA,NA,Brown,Intensive Tillage,Canada,0,6199.021718,6263.981599,NA,NA,NA,NA,10,10,Angers. et al. 1997,reference uncertain,2,570007,570,NA,570007,ON,ON_1
570007,2009,3646.2,0.4127336957891783,4.265414539415879,561.9308953858211,561.9308953858211,0.26188943558693256,5704.7233407764725,5906.095902604149,0.0028437351639874387,98542.99272388853,3011.75177471073,9479.7785727007,-127.01198063119773,FALSE,2,Harrow,Experiment 1,A,42.166667,-82.666667,8,Ontario,Medium,28,37,35,88.7,2004,NA,NA,F3,1 IP,1,CT,NA,3191.878685,NA,3191.878685,SBN,FALSE,SBN,SOYBNS,CRN-SBN,NA,NA,3646.2,NA,NA,NA,NA,104.2914079,104.2914079,NA,0,30,0,NA,NA,50,NA,NA,0,NA,NA,NA,0,est_equation,NA,10,NA,NA,NA,NA,Brown,Intensive Tillage,Canada,0,3399.822222,3646.2,NA,NA,NA,NA,10,10,Angers. et al. 1997,reference uncertain,2,570007,570,NA,570007,ON,ON_1
570007,2010,5971.646194,0.5115081174877819,5.286203146534652,742.5981943015007,742.5981943015007,0.32456417674081733,7538.858045777287,6436.032003416711,0.0035242909294908174,130225.7075713584,3460.090765229501,10638.720962947711,1158.9423902470116,FALSE,2,Harrow,Experiment 1,A,42.166667,-82.666667,8,Ontario,Medium,28,37,35,88.7,2004,NA,NA,F3,1 IP,1,CT,NA,6341.353022,NA,6341.353022,CRN,FALSE,MAZ,CORNGR,CRN-SBN,NA,NA,5971.646194,NA,NA,NA,NA,NA,NA,NA,0,30,0,NA,NA,50,NA,NA,0,NA,NA,NA,0,est_equation,NA,10,NA,NA,NA,NA,Brown,Intensive Tillage,Canada,0,7037.65203,5971.646194,NA,NA,NA,NA,10,10,Angers. et al. 1997,reference uncertain,2,570007,570,NA,570007,ON,ON_1
570007,2011,3323.312593,0.5178921978545264,5.35217970598431,408.1729075779021,408.1729075779021,0.3286150289514455,4143.77200480052,5682.760917607211,0.0035682772432176872,71579.22832116365,3703.158733597956,9794.09255878307,-844.6284041646413,FALSE,2,Harrow,Experiment 1,A,42.166667,-82.666667,8,Ontario,Medium,28,37,35,88.7,2004,NA,NA,F3,1 IP,1,CT,NA,3269.971366,NA,3269.971366,SBN,FALSE,SBN,SOYBNS,CRN-SBN,NA,NA,3323.312593,NA,NA,NA,NA,NA,NA,NA,0,30,0,NA,NA,50,NA,NA,0,NA,NA,NA,0,est_equation,NA,10,NA,NA,NA,NA,Brown,Intensive Tillage,Canada,0,3694.53649,3323.312593,NA,NA,NA,NA,10,10,Angers. et al. 1997,reference uncertain,2,570007,570,NA,570007,ON,ON_1
570007,2012,9491.034177,0.5085995221754416,5.256144140301077,1186.9978700784734,1186.9978700784734,0.3227186032088499,12050.40425876446,7737.717882397612,0.0035042507077887924,208157.84188926374,4419.619201756931,13344.334954233018,3550.242395449948,FALSE,2,Harrow,Experiment 1,A,42.166667,-82.666667,8,Ontario,Medium,28,37,35,88.7,2004,NA,NA,F3,1 IP,1,CT,NA,10320.315,NA,10320.315,CRN,FALSE,MAZ,CORNGR,CRN-SBN,NA,NA,9491.034177,NA,NA,NA,NA,NA,NA,NA,0,30,0,NA,NA,50,NA,NA,0,NA,NA,NA,0,est_equation,NA,10,NA,NA,NA,NA,Brown,Intensive Tillage,Canada,0,10723.39127,9491.034177,NA,NA,NA,NA,10,10,Angers. et al. 1997,reference uncertain,2,570007,570,NA,570007,ON,ON_1
570007,2013,4720.242317,0.468756445370139,4.8443841099612985,640.5151285178102,640.5151285178102,0.29743721474204204,6502.5106001106915,7370.321268725103,0.003229731908600258,112323.9141455893,4768.12114621204,12778.957543454953,-565.3774107780646,FALSE,2,Harrow,Experiment 1,A,42.166667,-82.666667,8,Ontario,Medium,28,37,35,88.7,2004,NA,NA,F3,1 IP,1,CT,NA,2724.87744,NA,2724.87744,SBN,FALSE,SBN,SOYBNS,CRN-SBN,NA,NA,4720.242317,NA,NA,NA,NA,NA,NA,NA,0,30,0,NA,NA,50,NA,NA,0,NA,NA,NA,0,est_equation,NA,10,NA,NA,NA,NA,Brown,Intensive Tillage,Canada,0,5571.956817,4720.242317,NA,NA,NA,NA,10,10,Angers. et al. 1997,reference uncertain,2,570007,570,NA,570007,ON,ON_1
570007,2014,10119.81176,0.47401983237494405,4.898778814551484,1357.9640475667704,1357.9640475667704,0.300776960117879,13786.05316365546,9300.025605013576,0.0032659966450633644,238139.31990124032,5530.310698400378,16188.300350980724,3409.3428075257707,FALSE,2,Harrow,Experiment 1,A,42.166667,-82.666667,8,Ontario,Medium,28,37,35,88.7,2004,NA,NA,F3,1 IP,1,CT,NA,7022.04,NA,7022.04,CRN,FALSE,MAZ,CORNGR,CRN-SBN,NA,NA,10119.81176,NA,NA,NA,NA,NA,NA,NA,0,30,0,NA,NA,50,NA,NA,0,NA,NA,NA,0,est_equation,NA,10,NA,NA,NA,NA,Brown,Intensive Tillage,Canada,0,11948.7408,10119.81176,NA,NA,NA,NA,10,10,Angers. et al. 1997,reference uncertain,2,570007,570,NA,570007,ON,ON_1
570007,2015,5663.492063,0.46567126656180885,4.812500193818743,773.60132522637,773.60132522637,0.2954795947438652,7853.601880075303,8872.636908940904,0.003208475026610863,135662.57059176508,5947.836804424673,15594.075038591945,-594.2253123887785,FALSE,2,Harrow,Experiment 1,A,42.166667,-82.666667,8,Ontario,Medium,28,37,35,88.7,2004,NA,NA,F3,1 IP,1,CT,NA,2773.198364,NA,2773.198364,SBN,FALSE,SBN,SOYBNS,CRN-SBN,NA,NA,5663.492063,NA,NA,NA,NA,NA,NA,NA,0,30,0,NA,NA,50,NA,NA,0,NA,NA,NA,0,est_equation,NA,10,NA,NA,NA,NA,Brown,Intensive Tillage,Canada,0,5925.925926,5663.492063,NA,NA,NA,NA,10,10,Angers. et al. 1997,reference uncertain,2,570007,570,NA,570007,ON,ON_1
570007,2016,8200.968787,0.5086591021407152,5.256759872073716,1025.5354771220568,1025.5354771220568,0.3227564081267352,10411.237789507295,9369.230202693145,0.0035046612137495277,179842.9947346838,6557.280419681701,16952.046099496903,1357.971060904958,FALSE,2,Harrow,Experiment 1,A,42.166667,-82.666667,8,Ontario,Medium,28,37,35,88.7,2004,NA,NA,F3,1 IP,1,CT,NA,9429.08,NA,9429.08,CRN,FALSE,MAZ,CORNGR,CRN-SBN,NA,NA,8200.968787,NA,NA,NA,NA,NA,NA,NA,0,30,0,NA,NA,50,NA,NA,0,NA,NA,NA,0,est_equation,NA,10,NA,NA,NA,NA,Brown,Intensive Tillage,Canada,0,7932.915107,8200.968787,NA,NA,NA,NA,10,10,Angers. et al. 1997,reference uncertain,2,570007,570,NA,570007,ON,ON_1
570007,2017,5149.333333,0.5063897068640519,5.233306706733647,646.812622919769,646.812622919769,0.3213164223582057,6566.442773262687,8468.648573237999,0.003489025080293318,113428.27404131074,6930.155996783432,16045.617192941201,-906.4289065557023,FALSE,2,Harrow,Experiment 1,A,42.166667,-82.666667,8,Ontario,Medium,28,37,35,88.7,2004,NA,NA,F3,1 IP,1,CT,NA,2698.314667,NA,2698.314667,SBN,FALSE,SBN,SOYBNS,CRN-SBN,NA,NA,5149.333333,NA,NA,NA,NA,101.3614603,101.3614603,NA,0,30,0,NA,NA,50,NA,NA,0,NA,NA,NA,0,est_equation,NA,10,NA,NA,NA,NA,Brown,Intensive Tillage,Canada,0,5035.724868,5149.333333,NA,NA,NA,NA,10,10,Angers. et al. 1997,reference uncertain,2,570007,570,NA,570007,ON,ON_1
727006,1983,2599.23913,0.24716193108696255,2.096196650235981,854.6233999097144,854.6233999097144,0.15683017716102382,7937.973319149036,1300.3794156766846,0.001702945705189172,126788.1720989851,1243.5977132747375,3398.600528861137,2296.5005288611374,FALSE,1,Ellerslie,Experiment 1,A,53.416667,-113.55,10,Alberta,Medium,17,39,NA,110.21,1983,NA,NA,11,F75NS,1,CT,NA,2366.521739,NA,2366.521739,BAR,FALSE,BAR,BARLEY,CONT BAR,NA,NA,2599.23913,no,NA,1092.467391,NA,165.315,110.21,NA,0,20,75,NA,NA,NA,NA,NA,NA,NA,NA,NA,NA,est_equation,NA,10,NA,NA,NA,NA,Brown,Intensive Tillage,Canada,0,NA,2599.23913,NA,NA,1092.467391,NA,10,10,Malhi et al. 2011b,NA,1,727006,727,NA,727006,AB,AB_3
727006,1984,2940.35,0.2641027184359338,2.2398725858345716,904.7660181243701,904.7660181243701,0.16757951331284246,8403.711521007614,2490.75235278753,0.001819667730023584,134227.1105932565,1485.583520287616,4881.101891199516,1482.5013623383793,FALSE,1,Ellerslie,Experiment 1,A,53.416667,-113.55,10,Alberta,Medium,17,39,NA,110.21,1983,NA,NA,11,F75NS,1,CT,NA,3739.995,NA,3739.995,BAR,FALSE,BAR,BARLEY,CONT BAR,NA,NA,2940.35,no,NA,1469.6759,NA,NA,NA,NA,0,20,75,NA,NA,NA,NA,NA,NA,NA,NA,NA,NA,est_equation,NA,10,NA,NA,NA,NA,Brown,Intensive Tillage,Canada,0,NA,2940.35,NA,NA,1469.6759,NA,10,10,Malhi et al. 2011b,NA,1,727006,727,NA,727006,AB,AB_3
727006,1985,2875.25,0.2272830414715244,1.9276024754007355,1028.060570319304,1028.060570319304,0.14421654460667754,9548.904673714651,3508.6546918192407,0.0015659801557388032,152518.54855787344,1722.0981463988678,6258.813408537413,1377.711517337897,FALSE,1,Ellerslie,Experiment 1,A,53.416667,-113.55,10,Alberta,Medium,17,39,NA,110.21,1983,NA,NA,11,F75NS,1,CT,NA,3007.62,NA,3007.62,BAR,FALSE,BAR,BARLEY,CONT BAR,NA,NA,2875.25,no,NA,1294.2314,NA,NA,NA,NA,0,20,75,NA,NA,NA,NA,NA,NA,NA,NA,NA,NA,est_equation,NA,10,NA,NA,NA,NA,Brown,Intensive Tillage,Canada,0,NA,2875.25,NA,NA,1294.2314,NA,10,10,Malhi et al. 2011b,NA,1,727006,727,NA,727006,AB,AB_3
727006,1986,4328.065,0.27392145000374213,2.3231458962974374,1284.037938307761,1284.037938307761,0.17380973414217446,11926.491711014387,4971.756706177704,0.0018873187905257833,190494.22601930783,2078.3713304609446,8334.165974946409,2075.3525664089957,FALSE,1,Ellerslie,Experiment 1,A,53.416667,-113.55,10,Alberta,Medium,17,39,NA,110.21,1983,NA,NA,11,F75NS,1,CT,NA,2056.075,NA,2056.075,BAR,FALSE,BAR,BARLEY,CONT BAR,NA,NA,4328.065,no,NA,1404.5108,NA,NA,NA,NA,0,20,75,NA,NA,NA,NA,NA,NA,NA,NA,NA,NA,est_equation,NA,10,NA,NA,NA,NA,Brown,Intensive Tillage,Canada,0,NA,4328.065,NA,NA,1404.5108,NA,10,10,Malhi et al. 2011b,NA,1,727006,727,NA,727006,AB,AB_3
727006,1987,3467.91,0.28694510905577203,2.4336004082792004,982.1529251984425,982.1529251984425,0.1820735583785047,9122.502047537017,5727.497680401995,0.001977051801394269,145707.89206185687,2362.3343331563465,9071.984938756785,737.8189638103759,FALSE,1,Ellerslie,Experiment 1,A,53.416667,-113.55,10,Alberta,Medium,17,39,NA,110.21,1983,NA,NA,11,F75NS,1,CT,NA,3466.72,NA,3466.72,BAR,FALSE,BAR,BARLEY,CONT BAR,NA,NA,3467.91,no,NA,1525.6186,NA,NA,NA,NA,0,20,75,NA,NA,NA,NA,NA,NA,NA,NA,NA,NA,est_equation,NA,10,NA,NA,NA,NA,Brown,Intensive Tillage,Canada,0,NA,3467.91,NA,NA,1525.6186,NA,10,10,Malhi et al. 2011b,NA,1,727006,727,NA,727006,AB,AB_3
727006,1988,3968.525,0.2941121665565376,2.4943846959689884,1096.544480575495,1096.544480575495,0.18662122837212045,10185.001757485203,6559.362566740999,0.0020264328275745444,162678.52054142868,2687.204315680343,10343.111362996837,1271.126424240052,FALSE,1,Ellerslie,Experiment 1,A,53.416667,-113.55,10,Alberta,Medium,17,39,NA,110.21,1983,NA,NA,11,F75NS,1,CT,NA,3443.675,NA,3443.675,BAR,FALSE,BAR,BARLEY,CONT BAR,NA,NA,3968.525,no,NA,1630.684,NA,NA,NA,NA,0,20,75,NA,NA,NA,NA,NA,NA,NA,NA,NA,NA,est_equation,NA,10,NA,NA,NA,NA,Brown,Intensive Tillage,Canada,0,NA,3968.525,NA,NA,1630.684,NA,10,10,Malhi et al. 2011b,NA,1,727006,727,NA,727006,AB,AB_3
727006,1989,3014.55,0.2775863974772378,2.354228557706687,882.5400724520767,882.5400724520767,0.17613523127284683,8197.270925350906,6847.855934288484,0.0019125702786181684,130929.76696182876,2932.477229451195,10662.873236191755,319.76187319491873,FALSE,1,Ellerslie,Experiment 1,A,53.416667,-113.55,10,Alberta,Medium,17,39,NA,110.21,1983,NA,NA,11,F75NS,1,CT,NA,2397.05,NA,2397.05,BAR,FALSE,BAR,BARLEY,CONT BAR,NA,NA,3014.55,no,NA,1190.552,NA,NA,NA,NA,0,20,75,NA,NA,NA,NA,NA,NA,NA,NA,NA,NA,est_equation,NA,10,NA,NA,NA,NA,Brown,Intensive Tillage,Canada,0,NA,3014.55,NA,NA,1190.552,NA,10,10,Malhi et al. 2011b,NA,1,727006,727,NA,727006,AB,AB_3
727006,1990,3983.525,0.23502651664256455,1.9932753993956887,1377.402307665313,1377.402307665313,0.14912996544610663,12793.685229232728,7734.5572515919675,0.0016193326996672699,204345.3535817746,3258.6316862625526,12370.591245519834,1707.7180093280786,FALSE,1,Ellerslie,Experiment 1,A,53.416667,-113.55,10,Alberta,Medium,17,39,NA,110.21,1983,NA,NA,11,F75NS,1,CT,NA,4222.325,NA,4222.325,BAR,FALSE,BAR,BARLEY,CONT BAR,NA,NA,3983.525,no,NA,1805.287,NA,NA,NA,NA,0,20,75,NA,NA,NA,NA,NA,NA,NA,NA,NA,NA,est_equation,NA,10,NA,NA,NA,NA,Brown,Intensive Tillage,Canada,0,NA,3983.525,NA,NA,1805.287,NA,10,10,Malhi et al. 2011b,NA,1,727006,727,NA,727006,AB,AB_3
727006,1991,2622.826087,0.2906320837909952,2.4648698843489605,733.3918203751828,733.3918203751828,0.18441303233539744,6811.941614558369,7564.414904286547,0.002002455057319957,108802.78769284805,3469.979115228506,11767.785839890235,-602.8054056295987,FALSE,1,Ellerslie,Experiment 1,A,53.416667,-113.55,10,Alberta,Medium,17,39,NA,110.21,1983,NA,NA,11,F75NS,1,CT,NA,2640,NA,2640,BAR,FALSE,BAR,BARLEY,CONT BAR,NA,NA,2622.826087,no,NA,1157.821739,NA,NA,NA,NA,0,20,75,NA,NA,NA,NA,NA,NA,NA,NA,NA,NA,est_equation,NA,10,NA,NA,NA,NA,Brown,Intensive Tillage,Canada,0,NA,2622.826087,NA,NA,1157.821739,NA,10,10,Malhi et al. 2011b,NA,1,727006,727,NA,727006,AB,AB_3
727006,1992,3382.075,0.24991010944216627,2.1195041322462354,1099.7894075986433,1099.7894075986433,0.15857396228368112,10215.141517448543,7984.7511262664475,0.0017218806540565256,163159.9236552482,3744.9461413793256,12829.486675244416,1061.7008353541805,FALSE,1,Ellerslie,Experiment 1,A,53.416667,-113.55,10,Alberta,Medium,17,39,NA,110.21,1983,NA,NA,11,F75NS,1,CT,NA,3130.95,NA,3130.95,BAR,FALSE,BAR,BARLEY,CONT BAR,NA,NA,3382.075,no,NA,1432.8655,NA,NA,NA,NA,0,20,75,NA,NA,NA,NA,NA,NA,NA,NA,NA,NA,est_equation,NA,10,NA,NA,NA,NA,Brown,Intensive Tillage,Canada,0,NA,3382.075,NA,NA,1432.8655,NA,10,10,Malhi et al. 2011b,NA,1,727006,727,NA,727006,AB,AB_3
727006,1993,4521.975,0.29553464692976306,2.506448845898018,1243.4544401625722,1243.4544401625722,0.18752382630846098,11549.54120216069,8653.234201284566,0.0020362337173460677,184473.43657245362,4112.951587280135,14009.640228727272,1180.1535534828563,FALSE,1,Ellerslie,Experiment 1,A,53.416667,-113.55,10,Alberta,Medium,17,39,NA,110.21,1983,NA,NA,11,F75NS,1,CT,NA,2864.35,NA,2864.35,BAR,FALSE,BAR,BARLEY,CONT BAR,NA,NA,4521.975,no,NA,1624.9915,NA,NA,NA,NA,0,20,75,NA,NA,NA,NA,NA,NA,NA,NA,NA,NA,est_equation,NA,10,NA,NA,NA,NA,Brown,Intensive Tillage,Canada,0,NA,4521.975,NA,NA,1624.9915,NA,10,10,Malhi et al. 2011b,NA,1,727006,727,NA,727006,AB,AB_3
727006,1994,3628.275,0.23083877447151097,1.9577588816519997,1277.3254327937752,1277.3254327937752,0.14647274253276102,11864.144144027236,9123.544986623796,0.0015904791561087107,189498.38819833015,4407.803260056123,14808.673679473693,799.0334507464213,FALSE,1,Ellerslie,Experiment 1,A,53.416667,-113.55,10,Alberta,Medium,17,39,NA,110.21,1983,NA,NA,11,F75NS,1,CT,NA,2920.525,NA,2920.525,BAR,FALSE,BAR,BARLEY,CONT BAR,NA,NA,3628.275,no,NA,1440.736,NA,NA,NA,NA,0,20,75,NA,NA,NA,NA,NA,NA,NA,NA,NA,NA,est_equation,NA,10,NA,NA,NA,NA,Brown,Intensive Tillage,Canada,0,NA,3628.275,NA,NA,1440.736,NA,10,10,Malhi et al. 2011b,NA,1,727006,727,NA,727006,AB,AB_3
727006,1995,3242.934783,0.22065972737961362,1.8714297114485101,1194.3325282148394,1194.3325282148394,0.14001389285582194,11093.2835962165,9399.335757261284,0.001520345521645538,177185.9255746056,4670.485704555373,15264.153990031497,455.480310557803,FALSE,1,Ellerslie,Experiment 1,A,53.416667,-113.55,10,Alberta,Medium,17,39,NA,110.21,1983,NA,NA,11,F75NS,1,CT,NA,2963.96026,NA,2963.96026,BAR,FALSE,BAR,BARLEY,CONT BAR,NA,NA,3242.934783,no,NA,1365.516909,NA,192.6,128.4,NA,0,20,75,NA,NA,NA,NA,NA,NA,NA,NA,NA,NA,est_equation,NA,10,NA,NA,NA,NA,Brown,Intensive Tillage,Canada,0,NA,3242.934783,NA,NA,1365.516909,NA,10,10,Malhi et al. 2011b,NA,1,727006,727,NA,727006,AB,AB_3
727006,1996,3554.891304,0.2696287947970274,2.2867396041740458,1071.4457306715583,1071.4457306715583,0.17108594138978903,9951.877779014105,9493.867929210282,0.0018577423961515188,158954.98029829244,4957.106551230968,15522.420211112807,258.2662210813105,FALSE,1,Ellerslie,Experiment 1,A,53.416667,-113.55,10,Alberta,Medium,17,39,NA,110.21,1983,NA,NA,11,F75NS,1,CT,NA,2676.388254,NA,2676.388254,BAR,FALSE,BAR,BARLEY,CONT BAR,NA,NA,3554.891304,no,NA,1370.881503,NA,NA,NA,NA,0,20,75,NA,NA,NA,NA,NA,NA,NA,NA,NA,NA,est_equation,NA,10,NA,NA,NA,NA,Brown,Intensive Tillage,Canada,0,NA,3554.891304,NA,NA,1370.881503,NA,10,10,Malhi et al. 2011b,NA,1,727006,727,NA,727006,AB,AB_3
727006,1997,3516.438613,0.31029683034989786,2.631647897788287,920.9495160668853,920.9495160668853,0.1968907859809386,8554.02822763156,9308.822151670356,0.002137945161110796,136628.02323210533,5238.611750407866,15468.383418145106,-54.03679296770133,FALSE,1,Ellerslie,Experiment 1,A,53.416667,-113.55,10,Alberta,Medium,17,39,NA,110.21,1983,NA,NA,11,F75NS,1,CT,NA,2791.866789,NA,2791.866789,WHT,FALSE,WHT,WHTDUR,WHT,NA,NA,3516.438613,no,NA,1513.993297,NA,NA,NA,NA,0,20,75,NA,NA,NA,NA,NA,NA,NA,NA,NA,NA,est_equation,NA,10,NA,NA,NA,NA,Brown,Intensive Tillage,Canada,0,NA,3516.438613,NA,NA,1513.993297,NA,10,10,Malhi et al. 2011b,NA,1,727006,727,NA,727006,AB,AB_3
727006,1998,2984.099691,0.27769969278425805,2.3551894226830163,873.2690160279886,873.2690160279886,0.17620711986423854,8111.158845407261,9097.785349906655,0.001913350883283538,129554.35377098838,5476.471385208992,15447.525751143636,-20.857667001469963,FALSE,1,Ellerslie,Experiment 1,A,53.416667,-113.55,10,Alberta,Medium,17,39,NA,110.21,1983,NA,NA,11,F75NS,1,CT,NA,2513.600152,NA,2513.600152,WHT,FALSE,WHT,WHTDUR,WHT,NA,NA,2984.099691,no,NA,1319.447962,NA,NA,NA,NA,0,20,75,NA,NA,NA,NA,NA,NA,NA,NA,NA,NA,est_equation,NA,10,NA,NA,NA,NA,Brown,Intensive Tillage,Canada,0,NA,2984.099691,NA,NA,1319.447962,NA,10,10,Malhi et al. 2011b,NA,1,727006,727,NA,727006,AB,AB_3
727006,1999,2649.357692,0.24536574906905545,2.080963111994098,877.4790995569465,877.4790995569465,0.15569045656229333,8150.263240077225,8950.265200024443,0.0016905700110857922,130178.94326277738,5687.289644473478,15515.033944054869,67.50819291123298,FALSE,1,Ellerslie,Experiment 1,A,53.416667,-113.55,10,Alberta,Medium,17,39,NA,110.21,1983,NA,NA,11,F75NS,1,CT,NA,1610.452187,NA,1610.452187,CNL,FALSE,CNL,CANOLA,CNL-TRT-PEA,NA,NA,2649.357692,no,NA,1064.95247,NA,NA,NA,NA,0,20,75,NA,NA,NA,NA,NA,NA,NA,NA,NA,NA,est_equation,NA,10,NA,NA,NA,NA,Brown,Intensive Tillage,Canada,0,NA,2649.357692,NA,NA,1064.95247,NA,10,10,Malhi et al. 2011b,NA,1,727006,727,NA,727006,AB,AB_3
727006,2000,5437.718723,0.25806656571494896,2.1886795762218196,1712.3601791140334,1712.3601791140334,0.16374942954371227,15904.86454737425,10089.076875858049,0.0017780786377759985,254038.23146884935,6128.877148802951,17930.314203775033,2415.2802597201644,FALSE,1,Ellerslie,Experiment 1,A,53.416667,-113.55,10,Alberta,Medium,17,39,NA,110.21,1983,NA,NA,11,F75NS,1,CT,NA,4370.340666,NA,4370.340666,TRT,FALSE,TRT,TRITCL,CNL-TRT-PEA,NA,NA,5437.718723,no,NA,2452.014847,NA,NA,NA,NA,0,20,75,NA,NA,NA,NA,NA,NA,NA,NA,NA,NA,est_equation,NA,10,NA,NA,NA,NA,Brown,Intensive Tillage,Canada,0,NA,5437.718723,NA,NA,2452.014847,NA,10,10,Malhi et al. 2011b,NA,1,727006,727,NA,727006,AB,AB_3
727006,2001,1963.855422,0.3026230925849206,2.5665664213368227,527.3726097955475,527.3726097955475,0.19202161519935415,4898.379457254863,9092.350773526747,0.002085073107910103,78238.68293111636,6279.231365656273,15898.954748978567,-2031.3594547964658,FALSE,1,Ellerslie,Experiment 1,A,53.416667,-113.55,10,Alberta,Medium,17,39,NA,110.21,1983,NA,NA,11,F75NS,1,CT,NA,2115.184034,NA,2115.184034,PEA,FALSE,PEA,PEA,CNL-TRT-PEA,NA,NA,1963.855422,no,NA,407.9039456,NA,NA,NA,NA,0,20,75,NA,NA,NA,NA,NA,NA,NA,NA,NA,NA,est_equation,NA,10,NA,NA,NA,NA,Brown,Intensive Tillage,Canada,0,NA,1963.855422,NA,NA,407.9039456,NA,10,10,Malhi et al. 2011b,NA,1,727006,727,NA,727006,AB,AB_3
727006,2002,2721.551469,0.2807917190570017,2.381413101575889,787.6665078323189,787.6665078323189,0.17816908474292492,7316.059593290774,8775.870599707174,0.0019346549443027415,116854.74182218853,6493.156823679802,16056.693931219295,157.73918224072804,FALSE,1,Ellerslie,Experiment 1,A,53.416667,-113.55,10,Alberta,Medium,17,39,NA,110.21,1983,NA,NA,11,F75NS,1,CT,NA,3065.124306,NA,3065.124306,BAR,FALSE,BAR,BARLEY,BAR,NA,NA,2721.551469,no,NA,1273.068671,NA,NA,NA,NA,0,20,75,NA,NA,NA,NA,NA,NA,NA,NA,NA,NA,est_equation,NA,10,NA,NA,NA,NA,Brown,Intensive Tillage,Canada,0,NA,2721.551469,NA,NA,1273.068671,NA,10,10,Malhi et al. 2011b,NA,1,727006,727,NA,727006,AB,AB_3
727006,2003,5294.891304,0.2895176268139491,2.4554181011724725,1486.2510074902507,1486.2510074902507,0.18370588263649423,13804.701397436991,9699.696400033716,0.0019947764487481096,220493.6683688644,6920.040004130185,18105.98741165415,2049.293480434855,FALSE,1,Ellerslie,Experiment 1,A,53.416667,-113.55,10,Alberta,Medium,17,39,NA,110.21,1983,NA,NA,11,F75NS,1,CT,NA,2510.201112,NA,2510.201112,CNL,FALSE,CNL,CANOLA,CNL-TRT-PEA,NA,NA,5294.891304,no,NA,1951.273104,NA,NA,NA,NA,0,20,75,NA,NA,NA,NA,NA,NA,NA,NA,NA,NA,est_equation,NA,10,NA,NA,NA,NA,Brown,Intensive Tillage,Canada,0,NA,5294.891304,NA,NA,1951.273104,NA,10,10,Malhi et al. 2011b,NA,1,727006,727,NA,727006,AB,AB_3
727006,2004,4921.951886,0.2759842339736046,2.340640503289583,1449.3164249117992,1449.3164249117992,0.1751186200778675,13461.643003420832,10358.483298025489,0.0019015313720781358,215014.21600089085,7315.737608134774,19123.53733107206,1017.5499194179101,FALSE,1,Ellerslie,Experiment 1,A,53.416667,-113.55,10,Alberta,Medium,17,39,NA,110.21,1983,NA,NA,11,F75NS,1,CT,NA,4103.925222,NA,4103.925222,TRT,FALSE,TRT,TRITCL,CNL-TRT-PEA,NA,NA,4921.951886,no,NA,2256.469277,NA,NA,NA,NA,0,20,75,NA,NA,NA,NA,NA,NA,NA,NA,NA,NA,est_equation,NA,10,NA,NA,NA,NA,Brown,Intensive Tillage,Canada,0,NA,4921.951886,NA,NA,2256.469277,NA,10,10,Malhi et al. 2011b,NA,1,727006,727,NA,727006,AB,AB_3
727006,2005,2853.231063,0.3042023148025393,2.579959909193113,762.2273924819999,762.2273924819999,0.19302366959776643,7079.774208482775,9725.614838018402,0.0020959539489894957,113080.70645711086,7537.4161122585365,18025.258342758938,-1098.2789883131227,FALSE,1,Ellerslie,Experiment 1,A,53.416667,-113.55,10,Alberta,Medium,17,39,NA,110.21,1983,NA,NA,11,F75NS,1,CT,NA,2711.147247,NA,2711.147247,PEA,FALSE,PEA,PEA,CNL-TRT-PEA,NA,NA,2853.231063,no,NA,556.4378311,NA,NA,NA,NA,0,20,75,NA,NA,NA,NA,NA,NA,NA,NA,NA,NA,est_equation,NA,10,NA,NA,NA,NA,Brown,Intensive Tillage,Canada,0,NA,2853.231063,NA,NA,556.4378311,NA,10,10,Malhi et al. 2011b,NA,1,727006,727,NA,727006,AB,AB_3
727006,2006,1790.358744,0.2849075834093536,2.416320018795233,510.676855678938,510.676855678938,0.1807806994552367,4743.304776717539,8824.90934023357,0.0019630132496904467,75761.77421731017,7671.341431170378,17006.927627082885,-1018.3307156760529,FALSE,1,Ellerslie,Experiment 1,A,53.416667,-113.55,10,Alberta,Medium,17,39,NA,110.21,1983,NA,NA,11,F75NS,1,CT,NA,1472.359528,NA,1472.359528,WHT,FALSE,WHT,WHTDUR,WHT,NA,NA,1790.358744,no,NA,783.0523854,NA,NA,NA,NA,0,20,75,NA,NA,NA,NA,NA,NA,NA,NA,NA,NA,est_equation,NA,10,NA,NA,NA,NA,Brown,Intensive Tillage,Canada,0,NA,1790.358744,NA,NA,783.0523854,NA,10,10,Malhi et al. 2011b,NA,1,727006,727,NA,727006,AB,AB_3
727006,2007,4428.003648,0.2540111334055415,2.1542851871472024,1416.6590512771504,1416.6590512771504,0.1611761604130178,13158.312483085547,9523.350620320156,0.001750136709164181,210169.3115562803,8025.740562217565,18965.75023381487,1958.8226067319847,FALSE,1,Ellerslie,Experiment 1,A,53.416667,-113.55,10,Alberta,Medium,17,39,NA,110.21,1983,NA,NA,11,F75NS,1,CT,NA,1889.000962,NA,1889.000962,CNL,FALSE,CNL,CANOLA,CNL-TRT-PEA,NA,NA,4428.003648,no,NA,1579.251152,NA,NA,NA,NA,0,20,75,NA,NA,NA,NA,NA,NA,NA,NA,NA,NA,est_equation,NA,10,NA,NA,NA,NA,Brown,Intensive Tillage,Canada,0,NA,4428.003648,NA,NA,1579.251152,NA,10,10,Malhi et al. 2011b,NA,1,727006,727,NA,727006,AB,AB_3
727006,2008,3983.042159,0.27345582660008233,2.3191969134798542,1183.6896355136557,1183.6896355136557,0.17351428491759063,10994.4295298412,9778.603825363049,0.0018841106452745673,175606.9927820197,8341.482183473336,19303.77564435004,338.0254105351705,FALSE,1,Ellerslie,Experiment 1,A,53.416667,-113.55,10,Alberta,Medium,17,39,NA,110.21,1983,NA,NA,11,F75NS,1,CT,NA,3822.78236,NA,3822.78236,TRT,FALSE,TRT,TRITCL,CNL-TRT-PEA,NA,NA,3983.042159,no,NA,1951.45613,NA,NA,NA,NA,0,20,75,NA,NA,NA,NA,NA,NA,NA,NA,NA,NA,est_equation,NA,10,NA,NA,NA,NA,Brown,Intensive Tillage,Canada,0,NA,3983.042159,NA,NA,1951.45613,NA,10,10,Malhi et al. 2011b,NA,1,727006,727,NA,727006,AB,AB_3
727006,2009,1848.753281,0.23236731731599683,1.9707225543999123,646.5677470259661,646.5677470259661,0.14744263965261556,6005.496134854994,9222.286867780957,0.0016010108163072182,95921.94970584897,8481.699459273903,18350.554074080825,-953.2215702692156,FALSE,1,Ellerslie,Experiment 1,A,53.416667,-113.55,10,Alberta,Medium,17,39,NA,110.21,1983,NA,NA,11,F75NS,1,CT,NA,1332.449569,NA,1332.449569,PEA,FALSE,PEA,PEA,CNL-TRT-PEA,NA,NA,1848.753281,no,NA,318.120285,NA,182.06,121.3733333,NA,0,20,75,NA,NA,NA,NA,NA,NA,NA,NA,NA,NA,est_equation,NA,10,NA,NA,NA,NA,Brown,Intensive Tillage,Canada,0,NA,1848.753281,NA,NA,318.120285,NA,10,10,Malhi et al. 2011b,NA,1,727006,727,NA,727006,AB,AB_3
